club_speed_mph,ball_speed_mph,smash_factor,attack_angle_deg,launch_angle_deg,spin_rate_rpm,club_path_deg,face_to_path_deg,offline_yards,carry_yards,good_shot
102.44,139.29,1.371,4.4,14.62,2437,2.54,-1.2,-1.4,330.0,1
91.68,132.71,1.421,8.0,17.43,2096,2.22,2.9,16.7,317.2,1
106.0,157.08,1.475,-2.67,12.02,3149,1.61,-0.98,3.5,330.0,1
107.52,153.51,1.444,5.87,17.98,2521,0.22,1.58,6.4,330.0,1
84.39,116.91,1.411,1.71,12.21,1400,-1.57,0.45,5.4,277.7,1
89.58,122.15,1.41,3.92,10.39,2610,-2.44,1.86,8.0,274.8,0
101.02,142.89,1.407,-3.44,17.73,2355,3.87,0.27,12.3,330.0,1
97.47,135.3,1.397,5.9,13.25,1606,2.29,-4.16,-5.9,321.6,1
99.87,148.86,1.55,3.86,12.65,2284,-2.08,2.52,15.8,330.0,0
93.18,135.43,1.468,1.38,13.29,2702,0.12,-0.22,-1.6,321.6,1
107.04,158.64,1.503,3.44,14.4,1656,-0.9,1.97,-2.1,330.0,1
106.22,154.84,1.421,-0.8,11.56,2965,-3.38,1.73,6.0,330.0,1
100.53,140.39,1.439,-0.24,12.86,2958,0.53,-1.93,-1.4,328.8,0
109.02,149.81,1.407,0.11,12.92,2615,-1.25,-2.29,-0.1,330.0,0
103.74,136.69,1.291,-4.06,12.1,2453,-2.86,1.64,10.0,330.0,1
93.13,130.72,1.367,4.09,7.36,1914,-4.44,-0.76,3.7,294.9,0
102.95,136.23,1.341,5.07,20.42,2757,-4.69,2.34,6.3,325.5,1
92.33,119.83,1.315,-0.6,12.35,1956,-1.11,-0.45,-1.5,277.9,0
107.03,149.05,1.378,2.54,15.63,2926,-0.26,2.56,0.3,330.0,1
99.6,146.52,1.529,0.7,9.11,2483,-2.63,1.06,2.4,330.0,0
98.52,137.94,1.447,2.48,12.46,2408,1.95,0.72,1.5,328.1,1
94.55,143.72,1.527,-0.38,10.85,1854,-0.2,-0.94,-2.2,330.0,1
109.78,165.76,1.475,-1.15,17.01,2603,1.73,0.58,4.4,330.0,1
98.76,146.76,1.497,4.66,12.87,2597,-0.55,2.98,12.6,330.0,1
96.57,135.06,1.396,1.31,15.73,1920,-2.36,-0.14,-3.9,330.0,0
97.18,146.8,1.481,7.57,13.7,2370,0.34,1.33,10.7,330.0,1
104.26,161.0,1.494,1.64,12.22,2542,-3.79,0.12,-20.5,330.0,1
102.92,144.24,1.415,-1.28,11.82,2387,1.62,0.31,4.2,330.0,0
103.3,153.21,1.484,5.18,18.66,2674,-2.81,4.31,18.9,330.0,1
103.45,158.07,1.484,3.39,8.52,1405,2.75,3.0,25.0,330.0,0
117.13,162.18,1.417,3.68,10.34,2535,-1.02,0.2,3.9,330.0,1
96.75,136.34,1.383,5.07,8.93,3024,3.19,0.54,15.8,303.7,1
95.9,129.7,1.379,-0.46,9.58,3275,-3.37,-1.75,-9.2,290.4,0
93.49,136.3,1.455,1.12,10.96,2708,-2.03,-0.43,-3.9,315.0,0
104.93,153.6,1.47,0.99,8.5,2405,1.14,0.77,7.3,330.0,1
109.03,150.52,1.402,-2.37,9.97,2456,3.51,2.13,11.6,330.0,1
99.09,141.38,1.452,0.71,7.2,2421,5.0,1.87,7.9,320.8,0
93.28,139.14,1.484,5.51,11.87,2514,0.12,-2.77,-12.6,330.0,1
93.4,141.39,1.487,2.21,17.38,2104,5.51,2.44,8.5,330.0,1
105.2,162.02,1.543,-2.54,13.32,3093,-0.87,-0.22,1.4,330.0,1
105.95,161.91,1.527,-3.17,12.45,3750,3.3,-2.47,-4.6,330.0,1
104.35,146.46,1.39,6.49,12.26,2182,-2.83,3.34,6.1,330.0,1
94.68,144.32,1.55,1.23,8.82,1921,1.26,3.66,10.9,330.0,1
101.86,146.3,1.418,-0.44,9.43,2021,-7.03,0.66,-3.1,330.0,1
100.93,154.73,1.513,0.68,13.11,2909,-3.36,1.77,6.8,330.0,1
101.75,154.46,1.454,-2.93,14.58,2749,1.4,1.92,1.6,330.0,1
106.97,151.52,1.425,5.77,17.73,2648,-3.94,3.49,-0.2,330.0,1
101.79,135.41,1.342,0.32,15.0,2341,1.28,1.82,13.6,325.7,1
105.43,153.71,1.44,5.6,12.75,2638,2.72,-3.32,-16.6,330.0,1
100.54,138.42,1.356,1.65,13.65,2429,-1.5,5.02,19.1,330.0,0
102.31,152.95,1.508,5.79,14.06,1923,-2.91,2.66,15.5,330.0,1
105.05,160.88,1.541,2.27,13.19,2283,-1.42,-1.27,3.6,330.0,1
88.34,125.23,1.402,4.06,20.53,1818,-2.9,-2.57,-8.1,311.1,0
97.44,140.99,1.468,3.66,8.99,3276,-0.3,1.26,8.3,320.8,1
96.24,134.33,1.406,3.37,13.48,2354,0.31,-0.7,11.4,308.1,1
94.89,134.23,1.412,2.54,17.53,2737,-0.92,0.82,-12.2,328.6,0
97.8,148.84,1.496,0.8,8.88,2310,5.02,1.86,9.7,330.0,1
111.96,160.57,1.448,7.25,13.6,1692,-2.16,-1.42,-2.5,330.0,1
93.07,139.66,1.55,-1.22,10.99,2568,4.17,-2.79,-6.8,317.3,0
107.75,148.32,1.421,1.51,12.86,3005,-3.12,0.96,7.1,330.0,1
86.54,127.52,1.51,1.54,8.75,2273,0.22,-1.33,-4.6,298.2,0
97.32,138.4,1.456,2.71,15.73,2046,3.55,0.37,6.3,330.0,0
101.3,151.34,1.498,0.21,15.07,2657,3.39,-3.36,-9.3,330.0,1
104.69,146.02,1.423,2.44,15.38,2678,-1.26,-0.63,-6.9,330.0,1
105.69,151.18,1.447,0.99,10.74,3280,1.67,1.79,5.0,330.0,1
106.35,151.53,1.443,-3.25,12.12,2954,1.26,1.51,8.4,330.0,0
97.21,134.98,1.4,1.53,10.84,2798,-1.62,-1.97,-13.5,319.3,1
96.3,146.77,1.49,-1.8,11.37,3032,1.85,-2.92,-2.3,318.8,0
106.86,160.78,1.489,-3.7,18.16,2303,5.59,0.04,10.8,330.0,1
98.47,146.33,1.486,1.91,13.96,2052,1.42,1.4,13.2,330.0,1
89.79,137.33,1.542,2.96,10.47,1934,1.7,1.01,-1.2,319.6,1
90.93,138.68,1.537,3.08,14.62,1816,2.02,-1.28,-12.3,322.2,1
92.64,133.07,1.428,3.2,10.07,2766,-4.38,0.74,-2.7,307.7,1
103.98,154.55,1.472,-4.3,7.9,2988,1.38,3.76,32.2,330.0,1
101.14,140.6,1.413,-2.58,8.97,2791,-3.05,0.51,5.7,309.6,1
105.52,153.25,1.451,7.42,14.26,1400,-1.77,-4.08,-19.7,330.0,1
96.58,131.49,1.414,-1.64,15.24,3623,6.49,0.51,12.1,304.9,1
101.27,157.21,1.547,3.33,15.9,1998,-0.76,5.11,21.3,330.0,0
105.0,156.45,1.472,-0.56,14.37,3557,-2.22,-3.22,-22.1,330.0,0
97.53,139.44,1.437,1.74,10.31,1844,3.46,0.07,12.6,318.0,1
103.65,162.26,1.522,-0.4,11.24,2258,-2.84,-0.57,-6.4,330.0,1
94.7,122.78,1.32,3.18,14.93,1418,-1.34,0.24,-1.3,312.2,1
97.1,129.6,1.329,1.91,11.78,2648,3.75,0.49,6.3,310.0,0
96.95,145.11,1.498,0.16,12.22,2095,0.13,2.85,17.0,330.0,0
90.43,131.21,1.454,-1.65,13.75,2216,-4.68,0.21,-9.4,310.5,1
103.9,151.92,1.465,2.3,12.76,1844,1.63,3.19,2.9,330.0,1
96.24,132.16,1.37,-2.14,12.93,3078,-1.19,-0.29,-0.5,306.4,1
100.1,147.13,1.449,2.78,18.75,2753,4.62,-0.88,-9.8,330.0,0
103.85,164.41,1.55,8.0,15.28,2935,-1.82,-1.67,-9.8,330.0,1
103.57,155.3,1.499,5.55,18.48,1958,3.15,-4.54,-5.0,330.0,1
105.32,155.83,1.46,3.66,15.96,2479,5.33,0.69,12.3,330.0,1
99.21,139.49,1.424,1.24,9.03,1945,-2.55,5.14,21.2,323.2,0
96.61,139.72,1.426,-4.32,8.18,2708,-0.58,1.15,7.0,322.5,1
99.36,129.48,1.322,-2.47,9.64,2515,1.17,1.72,21.9,317.0,1
86.5,129.49,1.465,5.35,12.31,2488,-2.57,-1.03,-10.2,305.2,0
88.42,138.23,1.501,-0.87,12.42,3110,0.81,-0.61,1.2,330.0,0
89.42,120.9,1.355,-0.6,14.63,3082,-0.67,2.46,5.2,282.2,0
92.02,124.3,1.41,1.0,17.12,2161,-0.74,5.02,22.4,298.8,1
103.2,141.1,1.381,-1.69,13.33,3150,0.15,3.72,12.8,330.0,1
92.76,132.2,1.392,-2.18,10.9,2711,0.21,2.01,17.6,301.0,0
96.97,142.31,1.453,1.35,7.23,2373,0.49,0.09,-2.3,326.3,1
110.39,146.89,1.325,-1.17,12.8,2352,-1.8,0.52,8.1,330.0,1
97.15,146.97,1.487,-0.72,12.82,2391,-1.67,-1.88,-5.0,330.0,1
105.9,159.56,1.495,-0.84,13.25,3435,-0.36,-3.62,-13.3,330.0,1
92.53,135.82,1.435,3.07,20.39,2554,-0.13,-2.82,-6.8,330.0,1
98.36,130.28,1.301,0.8,17.0,2630,-1.32,0.12,0.4,308.4,0
92.4,132.26,1.39,0.96,15.69,2424,0.97,-0.73,0.7,327.1,1
97.29,149.16,1.524,3.29,11.27,3503,-5.44,-3.67,-20.6,330.0,0
106.72,139.22,1.283,1.07,11.84,3123,-2.19,-0.09,-7.2,322.9,1
86.18,122.4,1.429,0.67,12.95,2236,-0.84,-0.8,-5.8,275.4,0
103.48,141.21,1.379,2.91,11.69,2302,-2.57,-2.93,-23.4,327.3,0
101.9,156.94,1.498,3.5,15.73,2293,4.89,-0.93,7.7,330.0,1
95.25,134.79,1.409,1.06,14.44,2602,0.06,-0.8,-10.2,330.0,1
88.43,132.38,1.474,1.74,10.34,2180,0.53,-1.54,-6.1,315.0,1
100.58,149.56,1.484,-0.85,16.29,2848,-1.45,2.32,10.3,330.0,1
95.76,146.97,1.55,-1.08,12.93,3318,-0.05,-4.76,-11.7,330.0,1
101.86,146.49,1.438,3.81,9.15,1780,-3.65,-4.96,-32.4,330.0,0
100.17,151.1,1.473,2.83,13.84,1922,-0.51,0.01,-1.1,330.0,1
112.81,154.92,1.361,2.87,14.85,2211,-2.81,0.24,0.2,330.0,0
98.09,144.95,1.521,2.34,16.74,2263,-0.83,1.01,2.9,330.0,1
91.81,128.4,1.404,1.64,12.56,3401,-7.68,-1.35,-5.9,305.3,0
101.43,148.12,1.416,3.59,16.74,2835,-3.38,-2.29,-17.0,330.0,0
101.76,146.88,1.449,4.31,15.07,2767,4.39,-0.02,-7.1,330.0,1
110.87,145.87,1.356,4.23,10.54,2227,2.49,-1.1,4.0,330.0,1
106.68,160.88,1.464,1.2,9.17,2399,3.96,3.88,15.1,330.0,1
102.85,156.82,1.508,5.66,18.35,1607,4.16,-0.81,-8.4,330.0,0
111.71,163.76,1.468,2.19,17.35,2821,2.02,-0.13,1.0,330.0,1
90.49,121.66,1.355,3.4,15.16,2617,-1.36,6.19,27.4,285.7,0
94.88,139.58,1.443,2.35,18.31,3038,-3.11,-0.49,-13.0,330.0,0
92.59,137.02,1.495,2.24,16.95,2371,3.44,1.39,23.0,330.0,0
96.88,132.43,1.337,-0.71,14.8,2579,0.19,1.62,0.9,319.8,0
88.99,124.65,1.386,3.6,11.53,2460,7.48,1.83,15.9,298.0,0
105.08,158.51,1.503,8.0,20.99,2521,-1.1,0.72,-6.1,330.0,0
98.22,144.38,1.466,0.38,14.74,1916,5.92,0.48,9.0,330.0,0
88.23,129.68,1.475,1.71,12.44,2828,-0.47,0.25,-0.5,306.1,1
91.88,145.02,1.55,0.16,11.05,2581,4.01,-1.44,-9.2,324.5,1
102.51,149.36,1.478,0.04,13.78,2121,5.09,0.81,25.9,330.0,1
106.71,154.88,1.489,6.13,10.13,1400,-3.07,5.07,11.1,330.0,0
115.97,181.3,1.55,-0.52,14.92,2570,-1.45,3.03,5.9,330.0,1
123.31,178.8,1.437,0.08,10.17,3247,-3.1,0.76,4.8,330.0,1
103.32,146.06,1.402,-3.26,12.97,3549,-3.69,2.14,13.9,323.5,0
92.08,136.9,1.476,-0.77,11.16,2806,2.0,-2.17,1.6,330.0,1
82.94,121.65,1.476,-3.63,10.94,3700,-0.59,-0.65,-10.2,277.6,0
102.14,146.85,1.418,3.4,11.92,2377,0.16,2.37,9.8,330.0,1
93.5,129.66,1.388,8.0,15.32,2549,1.67,3.72,3.7,299.5,0
96.68,148.63,1.55,0.4,18.81,2373,-5.57,-1.93,-8.0,330.0,0
95.1,138.98,1.47,-3.5,15.93,2578,3.86,-1.21,-9.4,330.0,1
98.87,144.07,1.406,4.2,15.53,2043,-1.05,5.45,13.0,330.0,0
108.53,158.99,1.505,-0.68,12.69,1714,1.6,0.24,2.7,330.0,0
101.26,147.41,1.443,5.4,17.42,2855,1.86,4.56,20.9,330.0,1
98.73,137.46,1.435,0.65,16.62,2272,4.11,0.52,5.2,330.0,0
91.71,135.81,1.484,-0.4,10.37,2263,-0.31,0.62,10.9,315.6,0
86.6,117.78,1.372,0.97,13.11,2011,-6.37,-0.76,-6.0,291.5,1
96.11,136.18,1.471,3.77,8.85,2282,0.17,2.36,12.3,324.7,1
99.57,155.31,1.55,0.82,16.66,3345,0.6,3.39,5.2,330.0,1
114.14,167.75,1.478,0.01,19.2,3542,-3.1,-2.59,-2.6,330.0,0
101.04,138.98,1.427,0.9,13.56,1798,0.44,-0.88,-7.4,330.0,1
107.86,155.22,1.42,-2.32,5.81,2579,-1.08,2.29,17.1,330.0,0
96.01,140.43,1.425,2.69,15.77,1973,-4.03,-0.32,6.2,330.0,1
90.52,133.6,1.435,-3.86,8.94,3276,2.01,-1.23,1.2,307.2,1
92.28,132.61,1.427,0.17,11.07,2719,-1.69,2.52,13.0,287.9,1
94.2,141.88,1.505,3.78,16.2,2087,-1.22,2.76,-10.3,330.0,1
117.03,160.84,1.346,2.41,14.61,2488,-1.39,-1.12,-6.8,330.0,1
93.43,144.51,1.502,3.27,12.68,2189,3.71,0.53,12.9,330.0,1
106.71,155.13,1.427,1.3,11.51,3248,-0.12,-3.02,-5.2,330.0,0
92.78,134.27,1.473,5.01,15.13,2546,0.24,-2.24,-14.9,326.6,0
107.45,149.04,1.382,4.27,13.27,2645,-1.32,0.31,-2.3,330.0,1
103.08,158.78,1.53,2.84,10.67,1400,1.39,0.08,-13.3,330.0,0
98.75,146.04,1.525,4.28,13.5,2313,4.05,-2.42,-1.1,330.0,0
99.67,151.44,1.508,3.75,15.33,3312,1.94,-1.79,-15.2,330.0,0
94.76,134.47,1.359,0.18,12.53,3186,2.06,-2.66,-0.1,309.5,0
103.57,156.93,1.5,-2.53,7.87,1921,1.82,1.14,13.3,330.0,1
96.36,145.75,1.474,2.76,16.93,2293,-4.14,-4.92,-25.0,330.0,1
90.2,122.55,1.354,3.14,5.88,1871,-2.63,-2.53,-8.9,293.8,0
89.78,129.86,1.449,4.77,13.33,3084,-0.61,-4.66,-18.3,317.2,0
101.38,150.17,1.472,-1.31,10.68,2788,-2.18,1.05,2.5,330.0,0
112.63,165.04,1.483,-1.22,13.02,2328,-3.19,-4.51,-26.5,330.0,1
101.28,145.52,1.461,2.88,15.69,2443,-5.62,0.08,-2.7,330.0,1
99.05,148.52,1.467,1.29,16.83,1400,-4.04,4.1,-0.3,330.0,0
102.29,160.79,1.538,-4.16,9.41,2361,-0.77,4.18,2.7,330.0,1
110.45,165.8,1.524,2.63,15.68,2459,-0.21,-4.51,-16.8,330.0,1
101.76,132.46,1.278,-4.06,12.17,3224,-2.38,0.75,-1.5,308.4,0
96.71,138.17,1.431,-1.34,7.4,1807,0.24,-2.47,-6.7,319.3,1
108.85,157.61,1.44,5.56,20.65,2095,-1.3,-2.98,-15.9,330.0,0
103.43,140.25,1.345,6.97,11.12,2636,3.27,-0.28,14.2,318.8,1
112.29,165.94,1.456,-2.15,13.51,2076,-0.48,3.07,11.1,330.0,1
101.47,154.93,1.525,0.51,14.35,2672,2.09,1.5,9.2,330.0,1
90.2,128.44,1.385,1.63,14.4,2532,0.61,-1.79,-4.3,306.5,0
89.05,131.7,1.47,6.84,13.91,2961,-4.21,1.76,7.1,313.2,1
113.21,159.49,1.395,0.02,15.49,2495,-0.27,-5.61,-16.5,330.0,1
113.79,158.32,1.41,0.07,8.34,2519,-3.71,-1.88,-8.4,330.0,1
98.56,157.05,1.539,6.15,14.95,2616,-0.32,-2.06,-3.2,330.0,1
96.93,138.57,1.417,0.38,11.44,1981,-2.24,0.2,-12.9,314.3,0
111.69,166.83,1.478,3.67,12.25,2281,1.15,-0.51,-11.1,330.0,1
91.14,117.9,1.338,-2.93,13.26,2571,-4.03,-0.35,-6.5,284.4,1
92.84,141.85,1.55,0.99,16.58,2478,0.04,-0.44,-2.7,330.0,0
105.15,159.36,1.486,-3.48,10.75,3191,1.72,0.06,5.7,330.0,1
96.84,140.08,1.439,-1.67,14.76,2949,2.72,1.35,8.1,330.0,0
99.96,143.61,1.485,4.02,14.56,2022,-2.29,0.37,2.0,330.0,1
98.69,137.35,1.365,1.35,10.79,2580,0.05,-0.71,-9.9,325.8,1
102.7,154.84,1.521,0.54,12.42,3238,0.55,1.0,4.1,330.0,0
111.26,162.69,1.431,-0.75,11.84,2271,4.64,2.07,4.8,330.0,1
100.72,144.6,1.438,0.84,11.2,2615,-4.44,-1.39,-7.9,330.0,1
105.15,149.88,1.421,2.4,15.13,2369,-2.73,-0.15,-15.1,330.0,1
83.6,121.25,1.415,4.45,15.26,2305,8.0,2.9,21.9,292.0,0
99.61,146.34,1.492,-6.0,6.13,2226,-0.82,-2.76,-19.4,327.0,1
93.25,134.17,1.465,-1.0,7.7,3295,-5.67,4.51,6.7,301.6,0
90.25,133.9,1.489,1.98,14.97,2133,-1.75,-3.35,-8.4,317.7,1
92.97,136.83,1.449,1.2,10.98,2990,-8.0,-0.86,-11.3,310.7,1
97.33,140.79,1.481,2.71,14.85,2158,0.72,-2.38,-17.3,330.0,1
107.33,148.76,1.425,2.3,16.15,2180,2.43,5.47,18.0,330.0,1
89.39,140.61,1.55,0.59,9.39,3111,-2.73,-1.26,-16.7,330.0,0
100.25,134.42,1.356,-0.08,8.74,3052,-1.41,-1.25,-16.2,300.6,1
96.13,145.68,1.526,0.76,18.29,2648,2.77,-0.93,0.8,330.0,1
97.38,144.55,1.532,4.95,15.79,2646,-5.25,0.24,-2.1,330.0,1
108.02,149.41,1.399,-0.7,11.5,2512,-3.96,-0.82,-5.0,330.0,1
104.3,161.65,1.55,1.31,10.66,2518,-0.68,-0.33,1.6,330.0,1
110.7,169.45,1.51,2.05,12.19,2179,-2.26,-7.0,-27.3,330.0,1
98.76,147.03,1.508,6.18,11.59,2636,-0.88,0.14,-2.2,330.0,1
94.43,141.23,1.452,0.6,15.86,2252,-3.79,0.04,-10.8,330.0,1
98.21,139.41,1.437,4.38,12.2,3006,0.64,2.6,7.2,330.0,0
101.94,144.82,1.437,5.2,18.1,2146,-0.45,3.27,3.0,330.0,1
101.41,153.27,1.473,1.31,12.26,2531,1.65,-0.47,-4.7,330.0,1
91.32,140.63,1.534,0.87,10.17,2889,0.6,2.04,8.4,330.0,1
100.72,145.77,1.461,0.51,11.9,2580,0.62,-2.75,-9.6,330.0,1
101.83,141.69,1.395,0.73,5.38,2422,-4.34,1.92,19.9,317.6,1
120.14,183.53,1.499,4.06,14.06,2343,1.48,-1.43,-11.3,330.0,1
115.01,176.79,1.505,2.19,13.26,2871,-0.99,-2.96,-12.3,330.0,1
93.17,136.72,1.489,2.21,16.25,2169,-0.5,-0.46,-10.8,330.0,1
97.7,145.93,1.495,-1.88,6.68,2656,3.14,3.5,13.7,330.0,1
88.29,126.81,1.434,-1.4,15.99,2689,-2.16,0.45,-3.1,297.4,1
95.27,130.37,1.394,7.93,18.24,2513,4.05,3.74,23.0,319.6,0
102.52,143.18,1.398,0.97,17.09,2497,4.33,-1.87,-4.0,330.0,0
109.65,148.24,1.352,-0.82,12.55,3463,2.26,2.62,10.7,330.0,0
94.17,140.73,1.464,5.79,18.07,2182,-2.94,-1.63,-11.8,330.0,1
94.77,139.96,1.445,2.35,9.41,2352,-6.56,0.56,-14.3,330.0,1
82.82,117.08,1.424,3.23,16.27,2329,3.24,0.54,1.9,284.8,1
98.7,125.08,1.273,1.09,11.07,1942,0.33,1.65,3.9,286.2,0
91.5,127.49,1.375,0.54,8.24,2101,-2.24,0.63,-0.0,296.0,0
95.76,143.84,1.517,0.99,9.97,2302,3.52,-1.85,1.1,330.0,0
92.99,132.59,1.41,-2.65,12.09,3270,-2.58,2.2,3.2,300.7,1
99.25,145.83,1.472,1.24,10.96,2511,-1.27,4.33,12.1,330.0,0
85.94,115.02,1.367,2.39,14.96,2239,1.57,-1.46,-13.5,284.4,0
88.26,133.21,1.536,7.05,10.04,2729,-3.34,-4.59,-16.8,310.1,0
117.03,172.31,1.441,1.76,7.23,3193,-0.33,1.25,-0.2,330.0,1
89.7,131.24,1.467,-5.5,15.19,3495,3.27,-0.83,5.5,308.6,0
91.23,145.5,1.55,1.22,16.14,2143,0.63,-0.33,7.5,330.0,1
114.7,175.46,1.541,8.0,12.65,1897,3.74,1.39,8.2,330.0,1
123.24,177.16,1.432,4.1,14.43,3170,3.4,-1.14,-6.1,330.0,1
90.63,134.17,1.414,-0.93,15.73,2764,0.02,-0.67,-2.4,323.2,1
97.05,136.19,1.43,3.27,15.4,2283,-7.01,-0.25,-7.2,315.5,1
102.73,147.36,1.481,-0.73,13.19,2967,-3.32,3.67,7.0,330.0,1
113.83,167.55,1.444,-2.56,15.39,3207,2.29,0.08,-0.4,330.0,0
92.11,129.3,1.426,0.45,10.97,2316,-4.65,-3.09,-13.0,312.0,1
98.04,150.73,1.538,1.77,13.71,2592,-0.98,-2.99,-8.7,330.0,1
106.22,151.82,1.443,-4.12,11.51,3264,1.02,0.35,0.4,330.0,0
103.48,161.06,1.55,-1.95,11.5,2195,4.41,-2.82,-14.5,330.0,0
96.99,138.79,1.455,1.53,12.37,2514,-1.73,-3.91,-13.0,330.0,1
98.93,152.89,1.55,0.28,13.32,2082,-1.93,1.59,-1.4,330.0,1
89.0,132.08,1.471,2.68,14.04,1996,-0.16,1.71,7.1,319.9,1
98.09,145.38,1.508,-2.14,9.1,2475,1.05,-0.92,-1.1,329.1,1
97.87,135.9,1.407,3.64,16.68,2596,-0.46,0.73,-9.3,326.0,1
101.86,141.61,1.399,-2.05,9.35,2578,3.15,0.47,5.9,330.0,0
95.56,137.62,1.478,6.43,14.6,1923,-2.4,1.51,5.5,330.0,0
103.77,155.57,1.509,-3.65,10.84,2842,0.36,1.51,9.5,330.0,1
108.1,157.31,1.452,-1.78,13.45,2191,1.34,-6.51,-20.5,330.0,0
101.24,137.99,1.373,2.75,7.61,2628,-1.2,-0.6,-15.4,311.7,1
102.81,140.01,1.368,6.49,17.95,2720,2.52,1.29,15.2,329.0,1
100.43,136.97,1.364,2.45,11.82,2418,0.45,-1.03,-0.6,330.0,1
100.0,132.76,1.344,3.19,17.78,2317,2.37,0.09,-4.1,330.0,1
94.23,138.98,1.457,1.55,12.11,2675,0.58,1.88,2.5,329.4,1
102.53,159.18,1.518,-1.58,12.3,1782,1.13,0.2,3.5,330.0,0
99.22,142.63,1.449,0.03,18.75,2840,-1.9,3.77,15.0,330.0,1
116.75,154.66,1.314,-2.14,11.42,4124,-1.89,2.82,4.7,330.0,0
112.59,161.36,1.439,-2.34,15.9,2685,3.67,-0.3,8.3,330.0,1
103.09,149.38,1.44,2.71,14.06,2384,1.91,-0.5,-10.2,329.5,1
93.9,149.45,1.55,-1.87,13.59,3047,-3.07,-7.0,-34.4,330.0,0
91.1,125.4,1.363,2.46,14.07,3193,0.54,-0.82,-14.6,296.3,0
109.53,151.82,1.427,-2.41,14.7,3183,-7.12,-3.38,-25.8,330.0,0
102.1,159.39,1.55,2.39,11.78,1487,-1.72,0.55,8.9,330.0,0
103.84,156.46,1.477,0.03,10.06,2851,2.88,0.38,17.1,330.0,0
86.04,127.12,1.484,5.72,13.09,3414,-0.38,1.74,7.0,303.1,1
107.42,158.99,1.457,2.47,14.16,2732,0.35,3.49,8.8,330.0,1
103.64,150.6,1.47,5.21,14.16,1768,-8.0,-0.07,-11.2,330.0,1
91.12,132.66,1.497,-0.77,14.86,2773,-1.18,5.7,21.4,316.1,1
96.23,135.21,1.401,1.67,17.5,1924,1.01,0.58,-6.1,330.0,0
102.11,149.05,1.503,-1.44,9.57,3241,1.4,-3.28,-13.2,330.0,1
100.42,136.74,1.368,0.26,10.89,2154,2.89,-1.41,7.2,315.5,0
97.66,146.75,1.47,0.71,8.94,2591,-0.63,-0.93,-10.3,330.0,0
99.17,140.09,1.461,-0.68,18.85,2255,-0.5,1.48,0.1,330.0,1
97.98,135.26,1.413,-2.15,13.16,2483,-4.0,-2.37,-13.0,316.1,1
101.22,144.05,1.449,-2.74,13.48,3433,-0.61,-0.74,-1.6,330.0,1
111.77,157.74,1.413,-5.52,7.05,2978,-3.78,-0.4,-9.7,330.0,1
79.47,109.2,1.386,-1.67,12.41,2449,-5.54,-1.12,-10.1,246.2,0
98.11,143.67,1.429,3.38,15.71,1882,-3.26,2.03,6.8,330.0,0
101.41,142.72,1.384,-3.3,11.09,1955,4.53,1.6,22.8,330.0,0
102.37,151.65,1.469,-2.6,15.32,2193,-0.81,2.92,8.5,330.0,1
97.02,134.35,1.381,6.87,22.0,2238,0.66,-0.83,-2.4,330.0,1
85.95,129.28,1.493,-0.41,10.02,3066,-1.54,3.01,17.8,312.1,0
102.62,139.37,1.379,2.46,10.8,2200,-5.37,-3.41,-21.7,330.0,1
113.82,163.31,1.416,3.43,11.57,3101,2.81,-3.47,-16.7,330.0,0
87.73,121.14,1.413,3.49,19.04,2068,-6.52,-3.03,-16.9,296.6,0
106.91,165.61,1.53,-3.07,15.05,2677,-1.66,0.02,4.5,330.0,1
97.37,146.08,1.47,0.81,12.88,2066,-0.16,3.01,12.5,330.0,1
99.51,143.55,1.437,-3.35,11.94,3247,0.69,-1.51,-5.0,330.0,1
91.58,135.09,1.48,8.0,13.35,3064,-2.18,-1.19,-15.5,323.0,1
97.32,129.82,1.324,-3.28,14.52,2004,-5.51,-0.54,-8.9,316.7,0
110.4,152.64,1.447,-1.64,11.29,2543,-2.4,1.43,9.5,330.0,1
104.66,162.98,1.55,-1.62,11.65,3266,-2.25,-1.19,-14.3,330.0,0
113.86,165.72,1.458,-2.99,13.78,2128,-2.32,-1.33,-8.9,330.0,0
109.42,158.98,1.454,5.56,14.38,2522,2.91,-3.36,-10.6,330.0,1
103.51,155.26,1.483,8.0,15.1,2670,-3.64,-1.43,-13.6,330.0,1
113.95,171.17,1.504,0.07,13.06,2631,0.9,2.94,12.9,330.0,1
103.51,134.84,1.33,-2.46,14.52,2995,0.47,0.23,4.0,312.5,0
106.62,143.49,1.349,-5.21,16.12,3705,2.88,-1.85,-0.4,330.0,0
97.63,142.96,1.463,0.77,15.03,3431,-0.4,3.09,4.5,330.0,0
100.53,141.75,1.407,0.55,15.6,2539,2.37,-1.46,-12.1,330.0,1
94.42,144.75,1.529,-0.45,12.24,2388,-0.52,3.55,13.4,328.8,0
107.92,157.04,1.431,2.16,11.63,2056,1.3,3.51,10.8,330.0,0
90.57,118.1,1.334,2.69,15.9,2879,-4.51,0.14,6.1,285.3,0
106.26,146.43,1.374,2.47,14.38,1835,-7.91,-3.75,-11.3,330.0,0
98.47,129.77,1.285,0.55,8.93,2453,1.13,5.72,33.3,301.2,0
109.37,152.71,1.436,-1.8,11.38,2755,1.29,0.97,-0.7,330.0,1
106.01,152.96,1.439,3.5,13.98,2164,1.43,-0.81,2.3,330.0,1
114.57,161.74,1.425,1.54,12.01,2634,-1.57,2.39,11.7,330.0,0
105.85,159.4,1.515,4.17,18.9,3504,4.47,1.76,16.1,330.0,0
87.42,130.79,1.522,3.87,15.79,2313,-1.38,3.28,7.7,308.0,0
99.46,142.78,1.44,-2.77,16.15,2570,1.26,-1.66,3.4,330.0,1
90.62,124.4,1.322,-2.8,12.81,3225,1.78,0.8,4.9,295.3,0
95.85,139.38,1.487,-0.77,12.98,2754,5.16,-2.96,-3.4,322.4,1
112.09,163.34,1.483,-1.67,9.61,3348,-0.95,1.67,-4.5,330.0,0
105.1,151.09,1.469,3.77,14.35,2448,-1.96,-0.06,1.3,330.0,1
94.41,146.77,1.509,2.55,13.93,2335,-4.49,0.7,-4.5,330.0,1
91.89,125.66,1.38,4.8,10.58,1509,4.66,-0.37,7.1,287.8,0
100.26,155.34,1.55,2.69,12.32,1710,1.26,-0.63,0.7,330.0,1
90.27,124.68,1.392,2.13,12.77,1646,1.36,-2.17,-4.9,312.5,0
94.63,139.11,1.495,5.1,16.03,2465,8.0,1.98,16.2,321.5,0
102.5,137.65,1.349,2.91,15.4,1812,0.98,3.72,18.9,328.6,1
109.24,158.45,1.394,1.7,11.85,3063,-3.91,-1.39,-10.8,330.0,0
104.87,165.08,1.541,5.94,16.49,2257,-0.59,1.38,-4.6,330.0,0
81.67,115.01,1.434,1.85,13.1,2379,-2.92,1.08,3.7,271.4,1
102.43,155.31,1.5,0.59,4.6,2185,-1.19,0.02,-6.2,330.0,0
100.58,145.19,1.464,-1.01,11.19,2941,-1.21,-3.82,-22.8,330.0,0
103.31,144.71,1.444,3.61,17.5,2021,-1.76,-3.25,-19.6,330.0,0
112.93,175.54,1.532,5.21,9.78,1844,-4.18,-1.95,-10.1,330.0,1
83.49,122.78,1.436,1.35,13.81,3054,4.78,-5.35,-13.6,283.1,0
95.27,130.58,1.343,5.42,19.65,2434,0.9,3.52,0.6,309.7,0
104.73,145.63,1.402,-4.41,9.17,2759,-0.68,0.92,0.1,330.0,1
87.35,129.13,1.483,1.33,13.47,2809,2.27,-0.07,9.5,293.5,0
111.81,166.65,1.474,1.38,9.57,2521,1.41,-5.48,-20.2,330.0,0
102.95,140.57,1.356,-0.68,17.64,2813,0.83,-4.56,-16.0,329.7,1
106.77,149.2,1.407,8.0,15.55,1752,2.05,-0.01,8.7,330.0,1
95.43,131.0,1.415,1.3,13.6,3454,0.4,4.93,22.5,300.7,0
106.51,152.39,1.428,0.28,17.16,2323,2.01,-1.75,2.4,330.0,1
108.55,151.13,1.367,1.58,15.54,3206,2.26,2.16,-6.4,330.0,0
101.86,140.87,1.412,-4.51,8.8,2786,0.49,-1.2,6.8,325.8,1
101.88,144.86,1.406,-0.78,10.79,3010,-0.66,0.14,3.5,326.8,1
102.16,153.69,1.496,4.45,16.04,2663,4.59,3.04,30.9,330.0,1
93.09,141.38,1.499,-0.39,10.99,3139,-1.43,-0.86,-9.4,330.0,1
98.82,144.6,1.441,-0.99,6.3,2281,1.17,-1.73,-15.2,330.0,1
98.78,139.17,1.426,5.43,14.74,2758,1.24,3.55,13.9,328.6,1
103.07,146.27,1.458,5.52,10.49,3100,-1.83,0.11,-3.4,330.0,1
108.0,149.97,1.401,3.05,18.92,2301,-2.42,2.73,10.6,330.0,0
91.53,128.65,1.381,0.13,13.58,2608,-1.06,-1.71,-0.8,315.1,1
99.0,136.61,1.394,0.78,10.56,2318,-1.48,3.52,10.0,307.2,1
111.85,156.19,1.412,-0.91,10.58,2499,-4.37,0.68,-4.3,330.0,1
94.05,125.26,1.38,-1.48,6.81,3459,-1.95,1.09,4.6,272.1,0
93.42,140.75,1.46,-1.63,9.13,2246,0.8,0.33,0.6,330.0,1
101.62,153.86,1.494,-0.35,15.93,2197,3.8,-1.26,-1.9,330.0,0
106.76,146.55,1.355,-1.6,19.13,3421,1.66,-0.0,8.2,330.0,1
100.09,147.7,1.452,-3.19,14.06,3073,-7.8,-1.11,-5.7,330.0,1
110.63,160.4,1.437,2.16,13.48,3425,1.92,2.4,17.2,330.0,0
106.85,156.52,1.47,2.2,12.48,2265,-1.67,-0.51,-4.8,330.0,1
106.73,154.27,1.449,6.6,12.44,2261,1.36,-3.74,-24.3,330.0,1
104.43,141.25,1.363,-0.51,19.0,2333,-0.04,-4.2,-15.6,330.0,1
118.62,169.6,1.374,2.39,13.27,2521,-0.58,-4.32,-20.4,330.0,0
98.36,144.18,1.452,2.44,20.2,1655,-0.31,1.54,4.3,330.0,0
83.97,125.78,1.512,0.74,17.44,2864,-0.07,-2.88,-14.2,307.7,0
112.83,149.78,1.317,3.73,9.08,2522,4.03,0.75,7.3,330.0,1
96.34,139.16,1.471,3.83,12.34,2345,-0.06,0.34,-5.1,326.9,1
100.86,157.21,1.521,2.48,11.86,2275,3.26,-0.16,-4.3,330.0,1
110.48,157.52,1.441,0.73,13.02,2153,2.82,1.1,14.6,330.0,1
87.18,130.54,1.483,0.43,12.97,2902,2.0,0.4,-2.0,310.3,1
89.99,129.35,1.408,-2.6,21.08,2229,-5.36,-6.77,-30.1,315.2,0
87.19,126.76,1.443,-0.92,9.45,2885,3.35,-0.81,6.9,290.7,0
93.65,126.92,1.353,-0.37,13.56,3555,-1.37,1.06,7.6,295.9,0
103.52,135.57,1.309,-1.87,14.19,3381,2.15,4.1,21.7,321.1,1
104.19,156.83,1.507,2.82,13.98,1754,-2.92,4.22,13.1,330.0,1
102.21,140.72,1.391,5.09,15.11,2053,-3.56,-3.41,-11.8,330.0,0
88.7,125.06,1.423,-1.22,9.44,2863,5.93,-0.87,12.3,291.8,1
81.52,115.12,1.367,2.35,14.14,2427,-2.87,-3.92,-14.6,250.5,0
100.43,136.86,1.365,-1.6,13.97,2066,3.44,3.8,6.4,322.2,1
96.23,136.56,1.44,0.59,14.19,2738,0.36,2.53,6.1,314.5,1
103.68,144.5,1.406,-0.57,14.51,2630,-1.26,0.88,5.7,330.0,1
105.62,158.29,1.473,3.31,18.39,3263,-0.13,0.42,-2.5,330.0,1
101.11,151.04,1.477,-0.54,15.62,2518,-3.9,3.45,17.1,330.0,1
106.08,157.26,1.469,4.53,14.8,2854,-0.04,3.03,10.2,330.0,1
101.83,148.47,1.464,0.76,9.75,1984,-3.25,2.9,6.7,330.0,0
104.24,162.45,1.545,-0.45,11.04,2164,-1.19,1.14,9.3,330.0,1
94.36,129.17,1.386,-2.26,11.55,3060,2.78,-0.87,-0.8,302.5,1
98.56,141.94,1.447,2.26,14.55,2952,0.76,1.92,8.7,330.0,1
101.57,156.61,1.518,4.19,13.03,1918,-4.45,2.04,7.2,330.0,1
106.56,164.79,1.526,2.32,11.0,2472,2.55,-0.48,-7.4,330.0,1
96.85,129.72,1.365,8.0,12.24,1498,-0.02,-0.88,-4.8,301.4,1
104.17,146.95,1.431,5.79,10.07,2171,-1.63,2.83,12.9,330.0,1
97.87,150.16,1.531,0.58,12.5,2942,2.24,4.16,17.6,330.0,1
99.06,150.97,1.48,0.55,8.78,2372,-0.5,-1.87,1.6,330.0,1
106.64,151.08,1.462,2.91,11.02,2313,-3.5,-0.66,-16.0,330.0,1
84.06,121.48,1.437,-1.01,11.46,2152,5.54,0.88,-0.4,294.1,1
89.63,124.46,1.427,5.0,10.74,2008,-0.05,1.22,8.8,301.1,0
88.14,127.75,1.467,2.58,15.04,3236,-0.24,-1.31,0.3,305.7,1
81.33,115.79,1.435,2.27,16.01,2497,-1.22,4.71,13.9,284.1,0
94.57,135.84,1.447,3.56,12.6,1935,3.54,1.06,10.3,330.0,0
106.0,152.86,1.455,6.67,14.02,2058,-1.57,1.33,7.2,330.0,1
97.72,137.74,1.409,2.01,15.32,1760,-4.63,4.4,4.9,324.4,1
101.58,149.2,1.482,1.16,11.26,2074,-2.04,-1.12,-10.6,330.0,0
108.71,164.85,1.55,6.03,12.76,2851,3.98,-0.22,5.1,330.0,1
110.62,150.56,1.343,4.4,18.13,2272,2.5,-3.13,-2.5,330.0,1
99.45,148.01,1.469,0.54,15.84,3419,-0.77,-0.43,-9.4,330.0,0
110.83,157.75,1.404,1.52,15.34,2466,4.12,-3.72,-9.3,330.0,0
100.74,145.71,1.485,2.09,16.51,2459,2.24,1.87,7.8,330.0,1
93.3,136.29,1.453,2.59,7.97,2733,-0.8,1.05,5.2,323.1,1
95.24,144.15,1.496,-2.57,16.16,1552,-0.5,-0.69,-3.1,330.0,0
88.16,131.47,1.521,-3.13,13.08,2880,0.99,-0.25,-3.0,294.3,1
92.89,135.79,1.462,-1.16,15.63,2648,-2.5,1.9,11.2,330.0,1
97.14,147.15,1.518,-1.39,13.67,3352,0.01,-2.84,-13.2,330.0,1
106.43,143.96,1.309,-0.43,13.0,3060,0.93,0.51,1.1,330.0,1
113.77,180.63,1.545,3.4,13.37,1886,-5.06,1.75,-9.5,330.0,0
88.94,126.81,1.473,0.99,14.45,3099,-0.57,-4.46,-20.6,302.1,0
103.14,162.46,1.515,2.09,12.8,2357,-0.91,1.71,8.0,330.0,1
91.68,123.93,1.377,-2.17,14.84,2323,3.08,-4.19,-9.0,290.5,0
103.8,147.78,1.4,0.12,8.28,2682,-5.53,-0.29,-4.1,330.0,1
98.95,146.77,1.459,3.26,12.52,2313,-1.14,-2.91,-8.2,328.0,1
85.35,121.19,1.449,3.28,20.28,3095,-1.45,3.58,23.3,292.0,0
107.43,158.83,1.467,-0.67,10.89,2794,2.88,-2.89,-11.2,330.0,0
95.16,143.91,1.515,1.98,12.98,2573,-0.13,-4.13,-24.3,330.0,1
95.73,130.05,1.344,8.0,13.15,2525,5.39,0.33,1.3,304.2,1
91.44,138.51,1.508,1.45,14.51,3005,1.99,-1.03,-5.5,319.7,1
94.77,140.45,1.45,-0.58,10.59,2987,-1.23,-3.76,-20.5,309.5,0
103.42,148.89,1.438,0.98,12.79,3180,0.72,1.31,6.0,330.0,1
98.49,133.69,1.362,1.78,16.17,2767,-1.06,-4.98,-11.2,317.2,0
102.63,154.65,1.48,1.05,11.27,2613,2.58,-2.59,3.3,330.0,1
102.9,135.75,1.305,1.41,15.86,3073,-4.0,-1.44,-6.8,323.4,1
110.57,166.45,1.489,-2.83,14.48,2729,-2.47,2.01,16.9,330.0,0
97.26,130.66,1.36,-1.39,15.68,2698,1.37,3.24,10.8,308.5,0
88.19,125.54,1.453,1.05,13.79,3312,3.68,2.76,4.3,278.1,0
108.54,155.18,1.443,1.0,22.0,3270,-6.61,-0.38,-2.9,330.0,0
97.35,146.43,1.52,-0.2,16.09,2608,4.12,-6.07,-27.3,330.0,0
108.92,158.73,1.439,0.97,14.31,2338,-0.42,0.98,-1.6,330.0,1
103.07,147.59,1.408,1.68,10.96,3157,-5.65,3.68,9.2,330.0,1
98.95,140.08,1.42,4.17,14.17,2710,-8.0,3.08,0.6,329.5,0
102.79,160.47,1.526,1.2,17.7,2670,-4.59,1.16,-2.6,330.0,1
115.61,174.77,1.482,2.7,19.07,2293,-0.06,-2.97,-17.6,330.0,0
116.62,167.0,1.427,-0.12,17.39,2757,-0.2,-1.31,-4.9,330.0,1
100.56,142.32,1.436,3.22,16.48,2397,1.9,4.83,25.2,330.0,1
101.28,141.27,1.356,2.63,10.15,2143,-1.65,-3.54,-14.3,330.0,0
108.61,159.86,1.473,4.1,15.9,2412,-3.32,-2.87,-19.0,330.0,0
93.23,125.66,1.344,3.64,10.55,2501,-1.24,2.36,-0.7,292.0,0
102.66,152.65,1.495,3.27,9.68,2235,0.1,-1.08,-8.5,330.0,1
99.79,143.25,1.458,1.2,14.14,2934,0.69,-2.95,-7.2,330.0,1
102.51,155.22,1.55,2.23,15.35,3046,-2.37,3.82,12.6,330.0,1
93.33,130.75,1.384,4.69,17.35,2755,2.7,1.15,2.5,317.9,0
87.28,124.06,1.444,-0.46,14.33,2503,-1.86,-0.95,-18.8,296.6,1
83.42,136.94,1.55,-0.39,14.46,2963,-2.61,-2.86,-10.6,330.0,0
91.06,135.83,1.521,2.04,10.76,2512,-1.63,5.12,10.6,316.0,1
96.33,132.51,1.408,2.75,13.65,1879,3.22,-0.06,7.8,323.8,1
97.65,144.19,1.463,-0.97,8.14,2961,-0.4,3.49,7.2,316.8,1
115.5,171.31,1.45,1.28,7.44,2589,-2.08,2.23,-0.6,330.0,0
108.85,159.83,1.467,1.22,15.65,3694,2.78,-1.3,-0.3,330.0,1
92.3,131.4,1.408,-5.15,8.94,3565,6.43,-1.28,17.4,304.7,0
102.78,143.87,1.445,0.84,15.91,2870,0.63,3.62,17.9,330.0,1
96.74,129.31,1.354,1.03,16.68,2650,3.7,3.66,18.1,317.2,0
97.73,139.81,1.458,1.02,11.5,2613,3.11,-4.69,-10.5,321.5,0
101.48,145.15,1.477,5.75,16.78,1803,-1.82,1.37,-7.9,330.0,1
104.95,151.04,1.436,-2.15,10.26,1946,0.08,-0.3,-7.7,330.0,1
97.29,126.03,1.353,-0.97,7.12,2266,-3.85,-2.58,-28.7,299.2,0
108.51,160.47,1.509,-6.0,11.27,2939,-0.61,0.65,11.9,330.0,1
90.86,132.4,1.472,0.06,11.61,1649,-1.88,-3.37,-4.9,321.4,1
100.05,138.64,1.406,0.31,11.79,2336,-1.21,-1.17,-3.2,329.5,1
120.78,174.09,1.433,-0.03,18.92,2490,-2.25,-2.0,-8.9,330.0,1
101.78,139.19,1.36,4.82,10.11,2214,-0.86,-1.25,-14.7,322.5,0
111.47,157.0,1.388,4.08,15.58,2057,1.6,-0.18,-0.0,330.0,1
100.73,144.69,1.418,1.73,10.62,2342,-0.36,-2.54,1.4,330.0,1
104.65,162.3,1.524,0.39,15.86,3352,-5.59,3.93,7.8,330.0,1
99.55,140.52,1.412,4.58,15.5,2623,-2.24,1.23,-1.8,330.0,1
98.64,147.57,1.488,1.44,14.64,2261,-4.56,4.49,-0.3,330.0,1
93.76,134.21,1.418,-0.95,9.83,2627,0.73,-0.4,7.8,319.9,1
103.44,151.88,1.465,-3.65,9.43,2806,1.51,-1.37,-3.4,330.0,1
93.19,133.34,1.442,0.18,15.84,2244,0.77,4.4,5.8,330.0,1
105.32,157.41,1.502,3.76,19.63,2028,-2.36,-1.45,-13.4,330.0,0
108.68,152.06,1.418,8.0,17.24,2575,0.74,-0.45,-8.3,330.0,1
102.93,140.59,1.356,1.68,10.9,2310,-1.41,1.8,3.8,317.4,1
97.71,133.34,1.367,-0.8,13.74,2155,-3.41,-3.09,-13.7,307.7,0
103.63,145.3,1.418,-2.05,19.56,2704,2.23,1.78,5.9,330.0,1
97.53,132.45,1.375,3.16,14.41,2464,2.45,1.46,12.7,325.6,1
107.48,155.47,1.475,-3.79,16.06,1940,2.85,3.17,15.0,330.0,1
85.35,123.82,1.422,3.15,11.88,2393,-1.83,2.23,12.0,289.6,0
97.32,151.04,1.55,3.95,14.26,2753,3.54,3.25,13.5,330.0,1
84.07,110.98,1.346,2.81,15.84,2635,-1.48,-0.28,15.5,255.9,1
88.04,130.75,1.462,0.84,14.49,3553,1.96,-2.16,-8.6,316.0,1
110.91,151.91,1.382,3.19,11.82,2971,-1.53,5.27,11.2,330.0,1
107.16,148.7,1.42,2.01,11.28,3131,-0.67,-3.82,-20.3,330.0,1
94.24,140.01,1.458,-0.83,15.67,3910,-7.26,-3.57,-22.5,330.0,0
87.98,113.95,1.31,7.05,19.04,2518,-0.91,1.41,-6.5,259.3,1
76.28,110.67,1.464,0.44,17.69,2647,0.27,4.06,16.3,259.0,1
95.65,148.36,1.55,3.83,19.75,2809,-1.23,0.47,-11.2,330.0,0
119.36,172.69,1.423,-5.76,11.39,2694,5.27,2.5,16.0,330.0,1
103.48,151.71,1.466,5.33,13.93,2329,-3.49,-4.99,-29.8,330.0,1
95.52,141.39,1.511,5.91,19.12,1954,-1.69,-1.25,-8.7,330.0,1
103.72,150.73,1.44,1.59,15.7,2684,-2.71,-4.68,-16.0,330.0,1
87.51,122.63,1.415,3.18,11.16,2116,-1.69,1.95,18.6,291.8,0
97.62,132.94,1.313,3.18,11.01,2100,3.09,-3.87,-16.3,316.0,0
100.8,150.03,1.488,-0.43,14.33,2812,4.43,-3.19,-6.8,330.0,1
99.31,137.74,1.443,3.14,13.57,2350,-2.1,1.29,-2.4,329.1,0
106.33,148.61,1.389,-0.93,12.6,1788,-2.17,2.65,1.5,330.0,1
102.76,154.64,1.458,-0.33,16.1,1965,-3.47,-0.4,-9.8,330.0,1
105.35,153.0,1.415,4.88,16.99,1791,3.92,1.43,14.6,330.0,1
94.49,138.6,1.418,4.42,18.54,1937,3.36,1.34,5.8,326.5,0
107.18,156.76,1.486,-0.62,6.99,2824,-0.32,-0.54,11.2,330.0,1
113.03,157.1,1.37,-0.7,13.51,2741,-4.19,-2.74,-12.1,330.0,1
92.24,137.74,1.513,-0.44,14.93,3106,-3.92,1.41,-5.8,311.6,1
92.9,127.47,1.366,3.7,9.71,2717,0.51,1.53,3.8,286.1,0
110.69,152.91,1.41,-1.5,10.51,3172,1.65,2.24,5.0,330.0,1
98.47,151.02,1.55,2.57,11.38,2720,-6.2,0.78,0.1,330.0,0
111.23,167.12,1.518,3.74,14.37,2470,-0.96,-2.92,-21.2,330.0,0
96.46,142.68,1.456,1.24,18.32,3021,4.85,1.73,3.8,330.0,0
111.64,157.58,1.394,4.53,20.65,2742,-0.65,-0.0,-4.3,330.0,1
101.05,144.01,1.418,0.59,10.76,2734,4.47,-1.21,5.2,330.0,1
102.07,145.07,1.454,0.86,14.88,3120,1.95,-0.74,7.2,330.0,1
112.52,162.62,1.452,-1.43,14.18,1630,-3.25,-1.73,-1.7,330.0,1
97.11,138.41,1.445,4.55,15.76,2196,-0.88,2.22,9.9,330.0,1
92.47,136.09,1.448,-0.8,13.92,2510,-0.39,-3.55,-13.4,309.5,1
96.41,141.5,1.437,2.55,14.8,2966,-2.86,-2.48,-7.4,330.0,1
103.62,143.92,1.363,1.29,18.51,3230,-2.91,-0.82,-13.2,330.0,0
87.47,122.24,1.419,-1.66,15.73,2047,4.52,4.03,8.5,294.4,1
105.1,151.31,1.505,-0.33,9.7,3255,-2.93,2.64,8.3,330.0,1
95.69,126.48,1.368,5.65,17.36,1734,3.24,-4.1,-16.5,301.1,0
109.18,160.63,1.439,2.1,16.41,1960,-1.31,3.38,9.9,330.0,1
80.85,112.25,1.401,-1.53,13.41,2586,-0.08,3.37,12.4,264.8,0
93.71,134.63,1.457,2.42,17.24,2312,1.69,-2.94,-6.8,328.2,1
86.51,127.53,1.427,1.06,13.94,1835,-1.8,-6.3,-18.6,298.1,0
93.39,146.86,1.539,8.0,16.4,2412,1.7,-0.18,6.4,330.0,1
101.98,151.03,1.48,2.36,14.19,2764,-6.14,2.81,3.6,330.0,0
98.57,134.43,1.371,0.36,7.07,3053,1.32,3.98,12.9,306.0,1
97.97,145.68,1.49,5.76,14.77,2059,-7.41,-2.18,-15.9,330.0,1
98.73,139.13,1.404,-4.02,9.59,2824,-0.68,4.38,10.9,323.9,0
101.63,147.84,1.415,1.78,10.06,2479,2.56,-5.57,-17.6,330.0,1
91.93,136.09,1.469,7.48,19.92,2911,1.87,-0.92,14.7,327.3,1
105.65,151.9,1.42,1.15,14.92,1400,-3.9,-1.04,-7.2,330.0,1
105.3,161.25,1.504,-3.7,11.62,2391,-3.51,2.88,8.6,330.0,1
103.08,141.75,1.404,0.31,11.41,2584,-2.07,3.25,4.6,329.8,1
104.45,149.46,1.413,5.86,15.94,1760,0.56,2.39,15.1,330.0,0
102.37,143.67,1.411,2.63,16.89,2326,-6.1,-3.38,-14.6,330.0,1
116.28,158.37,1.416,-1.02,10.16,2604,-0.04,2.16,12.1,330.0,0
99.3,145.22,1.516,-0.56,12.79,2337,0.93,1.27,6.9,330.0,1
97.54,142.57,1.488,-0.18,15.54,2640,-0.85,-4.18,-9.4,330.0,1
93.97,146.98,1.55,2.58,8.1,2728,1.58,-5.17,-8.6,330.0,0
91.74,142.48,1.55,5.51,14.76,2163,0.67,2.59,11.6,330.0,1
90.04,125.46,1.388,4.66,13.34,2117,-1.62,-0.45,-4.2,290.1,1
92.89,139.96,1.454,2.87,13.6,2353,-5.81,-3.21,-12.8,315.8,0
99.43,133.99,1.379,-2.49,10.62,2746,0.4,-0.52,-6.8,307.1,1
102.67,144.02,1.403,-2.48,12.54,1966,-2.86,0.91,-4.6,330.0,1
100.41,142.56,1.412,3.1,19.86,2622,-1.74,-0.21,-3.1,330.0,1
93.88,128.32,1.387,-2.54,11.14,2549,1.44,-3.88,-22.3,299.6,0
107.2,148.75,1.387,0.82,14.16,3118,4.25,4.71,26.6,330.0,1
105.92,148.66,1.441,2.41,19.83,2721,-0.11,2.51,2.9,330.0,1
98.72,139.47,1.377,-1.91,10.68,3241,1.66,-0.84,-3.8,313.6,0
94.78,140.51,1.501,-1.57,17.89,2239,-4.33,-0.74,-9.1,330.0,0
104.39,150.69,1.395,1.22,13.44,2360,0.74,0.9,4.3,330.0,0
101.5,157.25,1.55,3.01,19.4,1860,-0.18,-2.82,-12.2,330.0,1
88.41,128.38,1.423,4.68,16.89,2002,3.69,0.81,6.8,307.2,1
99.46,144.51,1.454,3.32,15.08,2964,-1.62,-3.33,-13.9,330.0,0
102.1,140.03,1.372,1.72,13.41,3166,-0.72,-0.18,-4.2,318.3,1
92.8,142.38,1.55,-0.74,10.87,2128,3.18,-2.92,-11.1,330.0,1
101.52,154.32,1.517,-1.71,12.63,2497,-0.28,-2.8,-3.6,330.0,1
88.36,130.49,1.468,-0.03,15.68,2568,-3.33,4.11,-2.2,295.8,0
110.69,149.59,1.369,2.73,13.92,2700,7.65,0.15,8.5,330.0,1
109.98,160.55,1.463,2.51,12.93,1657,-3.24,0.52,-4.9,330.0,1
97.98,133.95,1.383,-4.8,10.57,2167,-0.19,-5.03,-15.3,307.3,1
102.91,163.99,1.538,-0.86,15.68,2872,1.04,-1.49,-12.7,330.0,1
80.72,120.74,1.499,5.11,18.47,1416,0.8,1.15,2.0,293.8,0
90.75,135.97,1.456,1.74,11.61,2295,-0.57,0.49,0.4,325.0,1
97.65,126.83,1.304,-2.75,10.03,2838,-0.55,-5.39,-13.1,301.7,1
91.42,127.82,1.391,8.0,16.94,2307,-0.7,0.52,3.0,313.9,1
105.72,154.35,1.491,1.41,18.08,2451,-3.35,0.92,-7.9,330.0,1
115.98,175.49,1.523,2.65,17.37,2276,6.45,3.21,16.0,330.0,1
90.59,137.91,1.517,2.7,10.19,2818,-0.66,-1.64,-1.2,330.0,1
93.3,130.34,1.354,0.4,12.35,2705,1.79,-5.61,-24.7,298.0,1
101.88,150.13,1.468,-0.68,9.97,2350,-1.0,-2.49,-10.4,330.0,1
112.89,174.03,1.511,7.87,14.95,2145,-1.06,-2.74,-10.9,330.0,1
90.22,123.45,1.35,4.51,19.39,2502,-1.37,1.84,2.5,304.5,0
101.99,151.91,1.45,3.97,10.12,3135,-4.65,-6.79,-13.2,330.0,0
114.57,167.86,1.466,3.23,9.27,2760,-0.48,-1.12,-7.0,330.0,1
86.79,130.25,1.432,-1.51,9.99,3237,-1.22,3.56,13.7,292.3,1
89.75,118.95,1.339,5.33,15.73,2005,3.51,0.02,-0.3,291.5,1
96.61,136.28,1.43,-1.03,14.5,2426,-3.59,2.24,6.7,325.7,1
95.84,134.05,1.43,2.35,15.13,2353,-1.73,-4.1,-11.2,324.3,1
106.5,159.31,1.441,-3.42,15.33,2740,-2.7,-4.0,-20.8,330.0,1
101.93,146.41,1.416,-4.62,6.09,2424,4.33,3.59,17.4,326.0,1
85.8,121.29,1.423,2.45,17.42,3022,-2.61,0.25,-7.6,293.8,1
104.12,153.85,1.448,-0.93,11.74,3053,1.69,0.26,-3.9,330.0,0
95.38,142.55,1.477,-4.47,13.63,2730,2.91,-2.8,-0.1,330.0,0
110.2,162.69,1.432,3.12,10.12,2701,-0.44,0.25,-3.0,330.0,0
94.98,131.52,1.425,7.86,15.77,2229,-4.13,-2.86,-29.5,311.5,0
94.91,137.48,1.456,5.67,15.69,2584,-4.09,2.97,16.1,330.0,1
104.33,138.1,1.335,0.73,16.72,1951,2.58,6.82,22.2,330.0,1
106.1,151.95,1.479,1.53,8.78,2443,-3.78,1.21,-1.8,330.0,1
103.58,152.85,1.45,4.16,14.55,2324,1.18,-1.59,5.7,330.0,1
86.52,124.98,1.452,4.87,11.45,2589,0.34,-6.33,-22.6,299.9,1
104.3,159.1,1.508,0.47,14.68,2289,1.13,-4.21,-14.4,330.0,1
91.73,128.15,1.333,1.6,15.89,1400,1.41,3.89,7.9,299.5,0
101.88,134.78,1.332,2.4,17.7,1969,-2.8,-2.57,-22.2,329.6,1
88.61,128.89,1.466,3.16,12.5,2383,-2.93,-0.93,-7.8,300.3,1
103.57,150.43,1.45,1.1,16.17,2563,2.14,1.64,10.5,330.0,1
93.55,139.07,1.46,1.14,17.48,3289,-1.89,3.71,12.5,322.4,1
89.74,126.22,1.422,5.64,10.04,2524,-8.0,-0.5,-14.2,301.3,0
105.71,155.92,1.49,5.13,16.63,2329,1.95,-1.01,-1.1,330.0,1
101.93,156.15,1.506,2.93,16.9,2409,-3.11,0.18,-14.1,330.0,1
95.09,141.59,1.479,6.66,14.55,2697,1.4,-1.57,-1.0,330.0,1
111.61,154.98,1.434,0.34,9.49,2314,4.18,-1.43,1.0,330.0,0
96.47,124.62,1.324,6.37,18.06,2155,0.05,1.03,15.5,308.4,1
100.26,153.75,1.496,3.13,10.5,1922,2.99,0.46,5.3,330.0,1
102.15,156.61,1.523,8.0,15.26,2759,0.46,5.33,13.5,330.0,0
95.04,139.58,1.489,-2.08,12.15,2901,4.76,1.1,9.3,315.5,0
103.77,144.56,1.397,-0.57,14.95,2316,-3.19,2.88,4.3,330.0,1
95.73,142.72,1.49,2.76,12.08,2383,-0.02,-2.68,-6.8,330.0,1
96.71,147.06,1.502,2.69,11.89,2668,2.02,1.31,7.2,330.0,1
110.9,167.78,1.544,7.35,15.87,2046,-0.57,-1.81,-14.6,330.0,1
91.68,126.01,1.397,-0.51,15.84,2390,3.46,0.99,-2.2,300.0,1
80.7,116.6,1.436,4.21,21.34,2053,-1.3,1.72,6.0,297.9,0
112.89,168.5,1.495,4.99,10.22,2453,6.21,0.12,16.2,330.0,0
120.39,176.42,1.453,3.61,15.21,2222,6.37,6.02,29.2,330.0,0
96.76,130.74,1.383,-1.38,9.26,2479,0.85,3.57,18.4,298.9,1
84.51,125.53,1.475,5.72,18.06,1655,1.66,2.94,18.4,317.2,0
97.52,147.51,1.485,5.19,12.0,2324,3.58,1.91,12.6,330.0,0
97.71,143.41,1.455,3.3,12.13,2321,-3.56,4.41,6.3,330.0,1
98.48,144.44,1.463,2.11,11.97,2328,-3.94,-3.59,-16.1,330.0,0
91.09,130.43,1.434,2.18,13.53,2559,3.77,3.43,23.8,306.3,0
104.64,158.92,1.539,1.26,14.41,2861,0.82,-2.48,-4.5,330.0,0
104.2,145.27,1.396,3.42,15.65,2710,-0.68,-1.41,-1.3,330.0,1
88.04,127.71,1.415,1.59,13.54,2753,0.03,1.4,2.2,306.5,1
105.59,152.88,1.451,-1.05,8.64,2554,-7.16,3.08,1.0,330.0,0
116.42,172.73,1.503,-1.65,14.61,2444,-0.57,-2.88,-11.5,330.0,1
101.38,136.66,1.36,-0.76,12.58,2176,-2.26,-1.28,-7.5,330.0,1
97.3,133.94,1.371,2.17,17.24,2203,2.75,0.24,11.2,314.3,1
98.86,130.33,1.328,1.42,11.37,2524,2.99,-0.47,-12.1,312.2,1
104.92,153.56,1.452,2.15,8.94,2117,1.73,2.14,9.7,330.0,0
86.15,120.45,1.383,3.0,13.95,2463,1.19,7.0,25.4,279.4,0
101.32,146.79,1.427,-0.38,16.75,2188,-4.49,1.05,-10.0,330.0,1
96.88,147.87,1.49,5.9,15.55,1499,1.77,-1.84,-0.3,330.0,1
114.78,164.51,1.412,0.7,12.64,2927,1.89,-3.24,-13.4,330.0,0
98.61,142.01,1.464,0.2,10.46,2375,3.74,-0.81,-0.5,325.7,0
113.34,160.05,1.432,2.95,19.3,2047,6.35,-2.35,10.5,330.0,1
91.17,135.68,1.49,-4.01,8.51,2348,-5.08,1.17,4.1,306.7,1
104.7,153.67,1.479,-0.87,10.52,2843,-1.17,1.13,6.0,330.0,1
102.56,141.6,1.408,4.44,16.27,2952,-2.23,-1.16,-4.4,330.0,0
93.05,132.87,1.44,-3.71,6.13,2641,0.52,4.96,17.0,296.5,0
101.42,152.22,1.513,4.85,18.52,2212,0.04,-1.84,5.6,330.0,1
109.7,159.97,1.474,6.03,16.98,2720,-0.7,-0.3,2.9,330.0,1
97.41,132.29,1.366,0.39,15.83,1762,3.08,1.6,4.8,313.7,1
86.46,131.72,1.489,2.38,15.51,3343,-3.3,2.23,-4.6,302.4,0
99.86,138.8,1.385,4.86,14.22,3408,-3.12,3.19,10.8,330.0,0
92.78,148.57,1.535,0.1,9.85,1400,-3.07,1.07,-0.3,330.0,1
97.26,147.43,1.511,4.1,14.02,2310,-1.08,2.63,-0.7,330.0,1
99.35,145.06,1.467,-0.51,9.89,2307,-3.69,-1.66,-7.7,323.9,1
86.35,126.04,1.459,0.07,14.48,2477,-0.15,2.3,6.2,292.2,1
87.07,125.81,1.437,-0.9,15.11,2466,-0.5,2.26,10.5,291.3,0
103.86,155.91,1.491,2.53,18.32,2814,-2.36,3.78,13.1,330.0,1
95.82,142.0,1.428,4.97,15.86,2251,2.62,-4.17,-15.1,330.0,1
79.48,114.26,1.464,0.95,16.11,2133,-0.18,-2.27,-4.4,271.1,0
106.28,161.81,1.502,-2.31,11.3,2661,3.19,2.06,8.0,330.0,1
102.18,145.23,1.416,-1.75,10.95,2937,-0.59,-6.63,-26.5,330.0,1
94.29,129.31,1.413,2.68,15.36,1906,-0.07,1.23,1.0,311.1,1
89.47,125.24,1.378,7.03,14.3,1437,-1.69,2.65,14.0,301.4,0
106.69,151.05,1.386,2.68,14.75,3336,-0.02,-1.44,-6.8,330.0,1
102.79,135.63,1.34,0.34,9.94,2291,2.14,-1.08,7.0,314.8,0
119.06,177.83,1.494,3.8,11.68,2310,-1.23,-2.69,-0.2,330.0,0
103.36,155.9,1.55,0.78,15.18,2374,1.56,-1.3,-7.1,330.0,1
103.1,155.17,1.536,0.37,15.79,2825,-2.44,-1.23,-24.8,330.0,1
98.66,136.06,1.352,-1.38,9.56,3480,2.28,-1.71,3.0,330.0,1
106.53,157.94,1.493,5.73,17.02,2517,-1.74,-1.84,-10.6,330.0,0
105.0,158.44,1.535,-6.0,9.3,2277,2.56,-0.68,-4.5,330.0,1
110.01,157.08,1.423,3.89,14.41,1744,0.18,-0.71,-5.8,330.0,0
95.83,138.23,1.456,0.11,17.29,2414,4.56,4.69,19.4,326.1,0
96.52,127.14,1.33,0.27,15.52,2463,-3.46,-0.99,0.2,309.7,1
96.17,142.83,1.466,6.58,17.69,1431,-4.43,0.86,-1.3,330.0,1
106.33,144.48,1.386,-0.64,18.5,3007,-1.85,-1.44,0.4,330.0,1
111.99,161.46,1.462,-0.54,10.7,2144,-4.15,-1.47,-7.2,330.0,1
96.33,131.04,1.356,1.11,10.43,3205,-4.15,-4.26,-21.7,309.0,0
96.6,145.64,1.483,2.74,11.79,3255,1.86,-3.93,-13.9,330.0,0
102.51,158.04,1.511,0.17,12.3,2478,-0.01,-3.02,-7.2,330.0,0
98.03,135.88,1.403,-3.22,4.81,2991,-1.44,0.46,4.8,309.2,1
107.62,151.05,1.382,-1.1,11.99,2111,-1.16,2.69,14.0,330.0,1
81.99,106.31,1.321,5.34,13.24,2560,-1.79,-4.47,-19.4,247.8,0
93.39,138.48,1.434,1.72,15.95,2272,4.95,-1.37,2.2,330.0,1
93.74,129.82,1.415,2.85,15.06,1940,-2.21,-3.42,-11.1,320.8,1
81.44,113.83,1.357,0.72,11.45,2427,-3.97,-0.66,-9.4,267.6,1
92.29,134.69,1.477,-0.48,14.6,2419,2.39,2.69,5.5,320.7,1
92.68,136.92,1.423,6.53,17.46,2062,-0.65,-1.12,-9.5,330.0,1
98.39,137.79,1.385,0.94,11.02,2971,6.12,-0.12,5.5,320.4,0
108.9,151.75,1.417,0.17,11.58,2236,-1.58,3.64,14.8,330.0,0
98.04,147.15,1.514,4.79,8.0,3093,2.54,1.14,14.6,330.0,1
91.75,138.31,1.486,-0.67,9.49,2044,3.25,-1.9,-10.9,322.0,0
99.54,146.19,1.442,-0.28,10.67,3344,-1.56,0.4,-4.1,330.0,0
108.39,161.02,1.487,1.53,13.76,2051,-2.23,-2.07,-12.1,330.0,1
92.19,127.37,1.38,1.5,10.69,2509,2.22,1.05,11.1,297.1,0
92.72,136.51,1.452,2.28,12.26,2243,1.72,1.29,3.4,330.0,1
104.47,152.73,1.459,7.78,12.05,1979,-4.23,-3.42,-19.6,330.0,0
98.23,136.43,1.422,2.51,14.39,2810,-3.39,0.44,-11.0,318.1,1
105.18,153.23,1.476,-5.63,12.31,3613,-7.61,-0.29,-7.3,330.0,1
99.89,140.75,1.403,2.48,15.07,2987,1.79,1.36,5.9,330.0,1
105.61,159.41,1.481,1.61,13.6,2321,-0.79,2.08,2.4,330.0,0
91.72,140.07,1.483,1.63,8.95,2585,-0.49,1.19,2.0,320.4,1
99.9,129.32,1.275,2.24,11.92,2114,-5.07,-0.76,-2.0,308.3,0
98.31,150.3,1.521,1.41,12.27,2069,-3.29,2.33,-1.8,330.0,1
90.27,116.26,1.267,1.34,12.26,2004,-1.43,-2.18,-14.4,276.7,1
87.49,121.96,1.413,3.34,14.39,2203,-2.02,-3.3,-6.5,285.8,0
105.49,159.06,1.512,-0.13,17.23,2720,0.35,-7.0,-23.6,330.0,0
97.19,137.02,1.431,-1.34,14.97,1820,1.75,-0.18,5.5,330.0,0
91.82,121.94,1.362,8.0,12.84,2099,6.81,-2.05,3.4,301.4,0
99.23,138.21,1.384,-0.65,14.81,3321,-0.06,0.99,3.2,326.2,1
109.02,165.27,1.512,1.8,15.55,2997,3.35,-4.93,-15.3,330.0,1
81.75,110.84,1.335,-2.99,9.54,2516,-2.49,-1.62,-3.7,264.7,1
88.03,134.97,1.518,1.85,16.19,1860,-5.02,1.18,5.1,321.0,1
92.62,134.59,1.447,-1.3,12.06,2885,-1.06,-2.57,-3.8,324.1,1
111.69,155.35,1.378,0.17,8.83,1547,-4.79,1.02,-9.3,330.0,1
102.26,144.59,1.415,4.64,15.99,2821,0.04,-1.39,3.0,330.0,1
106.14,148.46,1.389,2.92,14.67,2329,-2.34,-0.08,-5.2,330.0,1
90.88,134.68,1.502,3.21,13.44,3232,-5.86,1.49,-6.4,312.1,1
91.04,136.94,1.494,-3.81,11.55,2052,5.21,2.38,13.6,323.5,0
103.58,141.18,1.347,7.01,13.3,2593,-1.61,0.23,3.9,330.0,1
100.47,141.57,1.426,-2.08,14.1,2679,-4.91,-2.04,-9.8,330.0,1
104.39,146.09,1.398,6.09,15.0,2086,2.69,-1.15,-2.3,330.0,1
98.5,148.91,1.528,4.56,15.1,1710,-2.19,1.59,8.0,330.0,0
102.23,138.63,1.369,3.23,15.2,2674,3.27,-2.55,-4.2,323.5,1
101.26,153.77,1.546,-1.06,9.16,2968,-2.2,-0.45,-7.6,330.0,1
106.22,156.97,1.448,1.95,11.0,3286,-1.62,-0.96,-9.6,330.0,1
106.46,149.6,1.38,0.09,6.4,3048,1.03,-0.26,2.8,330.0,0
87.04,124.02,1.409,1.59,15.25,2238,1.78,-2.52,-7.2,292.1,1
82.02,119.92,1.402,0.75,9.63,2103,2.31,-4.63,-21.7,291.0,0
108.01,147.89,1.374,-4.62,11.78,2261,-0.27,1.3,9.3,330.0,1
109.5,166.98,1.456,4.87,15.82,2971,1.59,2.41,7.5,330.0,1
91.84,125.83,1.376,1.26,15.25,2174,2.24,-4.48,-3.4,314.2,1
85.12,112.93,1.319,0.05,9.4,3263,0.6,0.92,-4.5,269.3,0
100.79,142.86,1.427,-0.18,12.74,2847,-0.43,2.71,7.9,330.0,1
107.45,145.11,1.342,2.58,18.91,2594,-4.34,1.49,-4.2,330.0,1
114.38,162.78,1.405,-1.18,17.73,2533,1.8,-1.04,-7.3,330.0,1
104.13,145.02,1.395,-5.27,14.12,3213,0.13,-2.36,-11.0,330.0,1
97.03,140.06,1.398,2.72,14.96,2430,-1.24,0.2,9.8,328.0,1
92.85,144.52,1.55,3.06,11.05,2250,3.83,0.62,7.6,330.0,1
100.09,146.15,1.453,0.9,15.47,2859,-4.28,0.24,-9.1,330.0,1
97.61,140.69,1.465,-1.94,11.85,2652,4.93,-0.45,-6.6,328.2,1
91.88,124.48,1.343,1.77,15.3,2135,-0.07,-2.71,-19.9,296.3,1
116.39,163.86,1.411,-2.89,10.09,3044,0.95,1.06,1.6,330.0,0
114.28,165.66,1.463,-1.58,11.93,2666,-1.19,1.18,-1.1,330.0,1
109.09,149.53,1.389,-0.75,13.23,2865,-5.0,0.5,-5.6,330.0,1
92.63,146.04,1.504,4.03,15.15,2154,-0.42,0.28,-13.2,330.0,0
106.84,146.55,1.378,0.41,14.63,2031,1.0,4.2,15.3,330.0,1
105.12,146.97,1.433,0.16,11.32,3371,2.03,-1.56,3.1,330.0,1
103.54,144.75,1.415,7.36,11.55,2854,-0.59,3.2,20.2,330.0,1
110.0,160.45,1.46,2.56,18.77,2844,-6.58,-1.84,-25.7,330.0,0
105.08,149.7,1.412,2.52,21.35,2274,-4.62,2.77,-0.7,330.0,0
105.92,153.25,1.434,0.39,14.48,2441,6.16,3.08,13.1,330.0,0
105.1,152.59,1.436,-0.29,8.93,3239,-3.28,-0.73,-5.6,330.0,0
102.73,142.81,1.406,-5.06,8.91,2744,4.28,4.15,12.4,326.1,0
85.73,127.66,1.479,4.41,16.07,2051,-2.8,1.17,10.8,313.4,0
100.67,145.22,1.464,2.84,18.02,3272,-0.55,-2.19,-8.1,330.0,1
95.55,136.49,1.445,0.96,9.7,2521,1.88,-0.94,-1.8,318.8,1
89.76,125.54,1.424,1.09,13.01,3330,-2.46,2.83,16.5,294.3,1
113.45,166.96,1.498,3.71,14.89,1748,4.78,2.31,13.7,330.0,1
113.83,166.11,1.436,-3.16,14.49,3023,0.23,-2.65,-6.6,330.0,1
110.87,160.45,1.432,-0.27,11.87,3548,1.38,-0.35,-4.1,330.0,1
102.04,151.04,1.456,-1.91,7.64,2728,-0.8,0.51,-7.4,330.0,1
110.81,171.85,1.55,6.81,17.25,2072,1.98,-1.27,-5.7,330.0,1
100.1,139.03,1.37,4.13,17.82,1827,4.74,5.89,39.4,330.0,0
101.62,147.64,1.496,-5.11,10.96,3394,-0.39,0.58,5.4,330.0,1
91.25,124.11,1.336,-3.04,13.15,2436,5.19,-0.15,7.3,299.2,1
103.18,151.39,1.463,1.1,11.96,2491,-1.83,2.98,2.4,330.0,1
100.48,156.76,1.545,0.08,10.49,2040,2.29,-0.91,5.0,330.0,0
89.58,133.47,1.479,-2.47,15.21,3449,1.47,2.52,2.4,315.5,0
99.59,142.96,1.46,7.33,16.73,2680,-3.21,-4.17,-27.8,330.0,0
99.36,136.99,1.416,2.44,15.32,2440,0.64,-1.13,-6.6,330.0,1
114.38,164.28,1.452,2.92,18.53,1905,0.02,2.62,20.9,330.0,0
107.15,155.16,1.435,-0.58,9.63,3326,-2.56,3.93,22.1,330.0,1
100.09,142.14,1.403,3.67,12.63,2215,1.07,-1.93,-8.2,330.0,0
101.99,142.69,1.433,0.36,13.6,2081,0.44,-2.22,-11.3,330.0,1
100.35,144.25,1.462,0.65,11.53,1768,-0.22,1.42,-5.1,327.8,0
98.38,136.31,1.404,3.33,16.52,2109,-0.21,-1.56,-5.2,323.5,0
91.34,127.13,1.402,-3.39,11.25,2149,-0.27,-0.67,-1.7,311.6,1
98.79,131.78,1.368,6.29,12.22,1942,-1.1,2.19,11.1,330.0,0
94.03,134.99,1.473,2.05,13.91,2812,0.42,-1.36,1.2,329.5,1
90.0,131.39,1.483,5.34,15.38,2110,-1.93,-4.91,-20.7,323.1,0
104.09,152.59,1.464,-1.73,15.2,2864,7.97,-3.25,1.5,330.0,0
103.13,152.56,1.508,-1.27,13.74,2351,-4.23,0.02,-9.2,330.0,1
85.71,124.44,1.455,-1.99,13.69,2748,-1.75,-4.66,-15.2,301.9,0
99.02,148.55,1.474,2.25,14.75,3329,-1.52,-0.74,-7.5,330.0,0
107.97,155.26,1.468,1.7,13.03,2341,6.12,-3.48,-2.1,330.0,0
108.47,156.18,1.445,0.11,10.89,2767,-3.96,4.1,11.9,330.0,1
108.21,156.02,1.418,-1.54,13.33,1988,1.28,5.41,20.9,330.0,0
100.31,154.44,1.55,-2.3,11.2,3422,0.75,-2.65,-3.6,330.0,1
93.24,131.23,1.423,1.35,18.54,2304,1.0,0.64,-6.0,321.2,1
91.33,131.69,1.41,0.1,17.06,3067,3.71,-2.4,-10.3,315.0,1
102.76,150.91,1.476,-0.56,14.7,2578,3.65,-0.77,0.1,330.0,1
103.03,153.72,1.465,6.14,16.28,2507,-1.35,4.51,5.5,330.0,1
110.3,151.71,1.366,1.25,13.17,2827,0.58,-1.17,-5.8,330.0,1
108.8,164.23,1.517,5.31,11.08,2078,-5.59,-0.72,-11.5,330.0,0
98.94,144.11,1.444,-0.1,12.32,3097,0.3,-2.36,-0.0,330.0,0
90.05,125.37,1.383,2.23,14.09,2124,-2.38,2.87,8.0,291.7,0
97.45,150.8,1.521,1.33,14.16,2870,-0.56,-7.0,-19.0,330.0,0
101.74,149.97,1.488,-3.59,13.15,2640,-5.06,-1.11,-8.1,330.0,1
98.38,135.29,1.374,5.79,17.79,2410,1.21,-0.11,-2.2,318.2,0
95.38,147.68,1.55,1.09,11.31,2326,-5.09,-1.65,-11.1,330.0,1
102.02,153.73,1.49,3.74,12.26,2398,0.44,2.16,12.5,330.0,1
95.97,136.53,1.449,-0.76,17.09,2162,-3.68,3.01,13.3,322.2,1
94.98,149.32,1.545,1.01,15.66,2651,-2.55,-3.53,-16.2,330.0,1
102.49,150.76,1.46,-1.1,11.44,2686,3.46,5.23,12.6,330.0,0
96.78,136.88,1.448,5.21,14.5,2044,1.76,-3.56,-20.6,330.0,1
101.95,146.81,1.41,2.43,13.54,2429,3.45,3.22,13.5,330.0,1
102.19,157.32,1.485,2.6,14.01,2504,4.68,0.37,-7.1,330.0,1
90.88,136.89,1.479,5.57,16.37,1988,-2.32,-1.26,3.6,330.0,1
96.15,143.07,1.451,4.97,22.0,2244,4.5,-1.02,5.4,330.0,0
111.5,156.61,1.403,3.8,14.9,1920,-4.4,-0.08,-9.4,330.0,1
90.7,128.07,1.458,-2.77,14.02,3821,2.24,0.52,-2.1,289.0,1
83.07,115.49,1.446,-0.59,7.74,3112,-1.48,-2.3,-3.7,273.5,1
85.11,117.23,1.37,-1.51,11.02,2814,-2.79,-0.58,-12.1,281.7,1
100.23,135.01,1.362,3.68,17.98,2906,1.84,-1.93,-10.6,316.6,0
100.25,146.47,1.484,2.01,14.91,1589,2.83,-3.04,-11.8,330.0,0
99.06,128.01,1.294,-2.67,4.0,1609,2.75,-2.04,-3.2,291.4,0
109.71,161.98,1.462,0.93,15.35,2364,0.64,-2.87,-5.6,330.0,1
78.62,108.11,1.421,-2.98,17.71,2159,0.4,-1.05,4.0,251.9,0
103.17,156.57,1.528,1.34,7.48,2413,1.58,1.08,12.0,330.0,1
112.49,163.56,1.42,-3.47,16.35,2901,0.91,0.3,2.2,330.0,1
90.98,132.83,1.49,3.09,5.76,2829,1.62,4.94,25.3,287.4,1
96.96,140.46,1.426,2.63,16.74,1930,0.61,-5.53,-22.6,330.0,0
93.98,135.7,1.457,7.22,15.5,2346,2.53,1.17,-3.8,330.0,0
92.85,140.09,1.494,4.04,7.37,2364,-4.88,0.02,-9.8,328.9,1
97.39,141.26,1.422,0.23,14.42,2743,-0.39,2.04,1.8,330.0,1
111.42,170.07,1.51,3.95,17.84,2129,-4.15,1.79,-2.5,330.0,1
114.7,161.75,1.39,-2.69,13.15,3384,0.83,-0.41,-6.2,330.0,1
97.31,139.94,1.468,-1.39,14.27,2637,4.93,0.43,4.7,330.0,1
115.24,176.26,1.505,2.5,12.64,3248,-1.42,-1.86,-4.5,330.0,0
100.28,147.25,1.49,-4.97,5.67,2543,0.38,1.53,16.1,330.0,0
114.03,177.39,1.55,1.39,15.56,2851,2.27,-4.7,-24.1,330.0,1
99.25,140.02,1.404,-1.56,17.7,2667,-6.2,1.94,-8.4,314.4,1
101.05,139.37,1.367,1.8,17.02,2344,-1.57,-0.06,-6.8,328.0,1
102.92,143.94,1.39,-1.73,6.43,2989,1.09,-1.22,1.6,330.0,1
125.0,184.09,1.49,2.77,9.43,2299,-8.0,-0.58,-12.9,330.0,1
106.81,154.69,1.48,1.56,11.01,1400,-2.93,-0.4,-9.3,330.0,1
94.34,139.56,1.456,5.7,10.22,1400,3.3,3.24,19.6,317.3,1
107.75,149.44,1.383,1.52,13.66,3081,3.01,7.0,33.8,330.0,0
97.11,148.14,1.496,-0.81,13.9,3202,1.12,3.05,11.9,330.0,1
96.08,132.15,1.377,0.76,8.98,3404,2.65,-1.41,-6.7,306.3,0
107.27,159.49,1.52,-2.53,14.44,2744,0.65,1.57,7.9,330.0,0
100.25,157.8,1.55,2.72,15.75,1855,1.67,1.68,6.5,330.0,1
102.23,149.55,1.472,3.27,12.5,2215,-0.95,-2.31,-10.7,330.0,1
100.11,149.52,1.485,8.0,15.28,2125,0.35,-3.15,-13.7,330.0,1
102.69,144.25,1.42,-0.37,7.02,2169,-1.9,-0.16,2.7,330.0,0
103.4,142.81,1.341,0.7,12.25,3300,3.79,2.02,13.1,330.0,1
84.5,117.28,1.414,-0.23,12.94,3621,4.56,-4.03,-2.4,275.3,0
105.33,144.98,1.384,2.14,14.25,2687,4.14,-1.8,6.7,330.0,1
92.14,125.88,1.363,2.65,15.06,2436,-1.22,1.43,6.3,293.6,0
88.46,134.39,1.55,1.34,14.2,1937,-2.86,0.1,-6.1,316.5,1
99.53,146.78,1.466,4.76,13.87,3010,3.83,3.54,23.2,330.0,1
100.67,152.3,1.473,-0.35,13.74,2655,1.63,-3.53,-7.6,330.0,0
94.45,133.98,1.431,4.46,17.57,2202,0.99,5.88,37.4,311.1,0
106.65,154.52,1.44,3.12,13.8,2630,-1.9,-3.84,-13.9,330.0,1
89.26,127.72,1.508,1.46,14.47,2249,1.28,-5.07,-12.0,306.1,1
96.74,139.99,1.448,0.56,12.64,2633,-3.26,-0.15,-2.7,327.6,1
95.32,140.47,1.482,8.0,13.86,1471,1.9,-2.84,-8.2,330.0,1
99.63,141.24,1.438,-0.95,14.24,3146,4.14,-0.1,3.1,330.0,1
102.23,148.84,1.429,2.39,12.17,2409,4.89,-0.18,7.0,330.0,1
91.94,124.73,1.366,-0.75,13.9,3166,2.13,-0.49,4.0,300.9,0
105.79,140.4,1.331,6.86,15.48,2098,-4.15,-2.11,-5.4,330.0,0
100.5,143.21,1.434,4.16,13.54,2289,0.59,1.08,6.3,330.0,1
84.86,118.55,1.453,-0.54,11.83,2087,6.42,-0.79,2.1,280.8,1
84.33,112.94,1.373,3.04,12.54,2760,-2.61,2.76,4.6,266.5,1
99.9,147.05,1.448,2.27,8.86,2069,-0.18,-0.45,-9.7,330.0,1
98.23,137.48,1.453,-0.05,14.13,2384,4.24,-2.41,6.6,328.5,1
99.17,129.06,1.321,3.77,15.02,2374,1.85,-4.22,-15.8,301.5,0
99.78,138.2,1.395,2.67,16.48,2494,7.44,-0.43,13.2,330.0,0
101.8,154.46,1.474,2.15,12.16,1703,-2.2,-3.17,-12.1,330.0,0
107.58,160.41,1.473,1.37,19.17,2414,-2.97,-3.37,-13.6,330.0,1
91.11,124.41,1.381,2.79,12.84,2790,3.67,1.32,8.3,283.0,0
90.62,135.53,1.46,2.19,11.14,2298,-3.59,-4.44,-24.6,316.7,0
91.25,136.06,1.511,1.68,10.61,2398,-0.59,3.53,5.8,303.3,1
102.31,155.64,1.497,-0.42,7.65,2698,-0.2,0.4,11.5,330.0,1
109.96,155.42,1.444,6.58,19.9,2148,3.11,-0.11,4.0,330.0,1
96.55,139.97,1.422,-1.65,16.54,2235,1.84,-2.59,-0.1,330.0,0
79.99,111.94,1.412,2.78,15.78,2417,1.37,1.91,16.6,284.9,0
86.37,125.09,1.478,0.54,10.5,3015,-1.21,-0.01,-3.9,295.0,0
93.34,135.89,1.462,6.78,20.81,1720,3.65,-1.72,0.9,330.0,1
95.54,142.83,1.488,-1.21,11.52,2504,8.0,0.5,11.6,330.0,1
96.73,139.79,1.458,-0.71,11.95,2021,2.07,-4.21,-19.2,330.0,0
100.31,151.76,1.499,-1.41,16.82,3108,0.3,-4.09,-15.1,330.0,1
97.51,140.48,1.456,2.47,15.84,2410,-3.89,-2.8,-10.9,330.0,1
108.39,163.83,1.497,-2.62,18.69,2375,-1.91,0.87,-2.2,330.0,1
94.59,143.21,1.502,0.06,13.77,2638,-0.64,-0.01,-2.7,330.0,0
93.1,130.35,1.402,-4.96,10.07,2356,-1.6,2.62,6.2,304.5,1
103.83,138.19,1.342,2.22,11.94,2002,-0.05,-2.3,4.6,329.1,0
87.71,135.69,1.543,-0.0,7.46,1943,5.33,1.44,0.4,313.2,1
103.12,152.48,1.465,-2.96,11.13,2298,3.74,-0.28,6.5,330.0,1
100.82,140.97,1.347,4.76,18.1,2925,-0.48,-2.36,-10.3,330.0,0
98.82,141.41,1.407,-2.42,13.95,2415,-3.62,0.96,-4.8,327.3,1
112.71,171.08,1.496,3.89,14.42,2576,4.01,-0.17,2.6,330.0,1
95.02,143.91,1.433,-0.6,9.8,2260,-0.15,-1.57,-1.7,330.0,1
116.48,166.61,1.419,6.3,15.89,2564,-5.18,0.1,-1.5,330.0,1
98.2,151.85,1.534,3.75,17.35,1913,2.14,-0.32,2.5,330.0,0
89.78,126.3,1.387,-1.52,13.76,2709,3.08,-0.38,8.9,294.0,1
100.56,138.47,1.402,-1.25,13.06,2699,-7.28,-1.03,-4.7,330.0,0
91.39,132.56,1.463,3.32,11.77,3449,-2.47,-3.26,-9.5,304.1,0
93.99,137.22,1.473,0.71,15.85,2841,-0.33,0.19,-3.0,327.1,1
103.18,154.3,1.48,0.99,4.0,2274,2.2,-2.01,-1.4,330.0,1
104.44,156.72,1.505,5.32,16.01,2589,-1.55,-2.55,-7.8,330.0,1
95.02,139.26,1.462,-0.75,20.45,3607,-2.5,-0.6,-10.0,330.0,1
107.9,162.34,1.479,1.77,9.1,1760,2.18,1.84,-0.4,330.0,0
109.26,158.89,1.434,4.36,13.8,1959,-1.4,0.46,-12.2,330.0,1
111.49,161.68,1.454,3.93,14.35,2258,1.63,-1.33,-2.3,330.0,1
104.24,150.14,1.456,1.02,11.97,2351,-3.33,-1.43,-7.2,330.0,0
110.91,165.09,1.463,0.63,16.33,2412,-4.06,1.59,-6.4,330.0,1
84.95,129.06,1.496,-3.72,13.12,2236,2.27,-5.99,-12.0,308.5,0
97.46,140.54,1.483,-1.67,12.87,3332,0.76,1.99,8.8,318.1,1
93.06,134.41,1.453,2.46,16.25,1813,2.77,-4.69,-5.0,323.1,0
100.95,141.9,1.401,1.09,13.43,2445,-1.6,-3.54,-12.1,330.0,1
95.43,140.71,1.454,1.72,22.0,2967,-2.39,-1.29,-13.8,330.0,1
98.67,145.18,1.448,4.62,15.07,2309,4.08,5.43,26.6,330.0,1
115.06,168.88,1.462,-2.06,12.86,2283,-4.57,4.19,13.2,330.0,1
98.64,154.36,1.55,0.79,8.15,1946,3.75,1.77,7.4,330.0,0
103.31,146.71,1.419,2.07,12.09,2373,3.96,0.89,-0.8,330.0,1
98.14,143.11,1.475,-0.61,16.23,2296,2.58,-4.66,-12.6,330.0,1
100.61,151.67,1.514,5.79,11.02,2345,-2.06,0.39,-7.1,330.0,1
100.05,145.71,1.456,4.23,8.01,1716,-2.45,-1.37,-1.0,330.0,1
103.59,160.47,1.55,2.37,13.93,2824,-0.63,-2.04,-10.3,330.0,0
109.32,151.32,1.427,6.88,19.52,2239,-3.89,0.39,7.0,330.0,1
113.18,165.32,1.469,-3.0,12.08,2865,-2.89,-1.18,-20.3,330.0,0
102.48,143.82,1.402,1.48,12.51,3160,1.93,2.17,10.7,330.0,1
104.72,148.93,1.429,2.6,8.33,2247,1.95,-4.84,-6.0,330.0,0
90.79,132.39,1.465,-1.24,13.92,2348,-3.15,0.19,-8.5,321.2,1
99.3,150.24,1.501,2.4,15.82,2209,2.03,-2.2,-6.2,330.0,1
107.52,155.27,1.469,-1.82,7.02,2623,1.36,-1.02,-4.4,330.0,1
106.93,159.05,1.526,3.57,17.65,2345,4.53,0.76,4.0,330.0,1
101.69,146.0,1.444,4.67,16.93,1946,1.71,-2.79,-6.3,330.0,1
107.09,155.06,1.43,2.32,17.21,1551,3.18,0.41,-2.5,330.0,0
103.93,165.3,1.55,-4.06,13.33,2591,1.43,-0.53,-0.8,330.0,1
109.6,163.47,1.474,-1.4,14.47,2846,2.94,-1.65,0.8,330.0,1
102.31,140.27,1.407,3.19,15.68,2470,-3.86,-1.18,-10.0,320.8,1
97.15,136.25,1.408,1.56,16.15,3046,-0.37,-0.39,-7.8,326.9,1
102.69,143.73,1.393,-6.0,5.44,3840,-0.12,-1.92,-0.7,309.6,1
76.56,115.75,1.506,5.23,10.33,2628,-0.73,0.02,3.6,257.5,1
103.06,148.54,1.428,1.91,11.46,3108,1.33,-0.7,-7.1,330.0,1
75.0,107.03,1.458,-0.96,12.28,3002,1.9,-1.53,-10.8,242.1,1
86.21,124.84,1.446,4.48,15.73,3100,1.18,3.97,9.6,297.1,1
103.61,155.84,1.494,-0.53,13.79,3465,-0.53,1.04,6.3,330.0,0
103.82,147.33,1.399,-0.57,16.15,3062,-2.21,-0.96,-4.3,330.0,1
90.7,123.65,1.385,2.58,17.35,2763,3.29,0.36,10.0,291.3,1
94.3,137.15,1.463,6.84,12.78,2097,1.05,-2.57,-9.7,330.0,0
110.96,158.14,1.486,6.37,15.95,2199,-3.06,-1.09,-13.0,330.0,1
96.13,139.75,1.47,2.58,11.36,2293,-0.58,-0.8,2.0,330.0,1
117.94,163.98,1.401,2.89,13.45,2706,-5.23,-3.12,-20.5,330.0,1
99.98,146.49,1.491,3.87,15.32,2043,0.11,0.97,4.6,330.0,1
103.26,145.54,1.405,-2.27,4.0,2650,-0.6,-1.26,-14.4,330.0,0
112.93,160.08,1.419,3.43,21.44,1400,-1.72,-0.89,-8.6,330.0,0
101.05,135.15,1.393,-0.7,14.45,3418,4.75,-1.42,6.8,311.4,1
91.98,141.09,1.528,2.46,12.07,2353,-3.47,7.0,16.0,326.9,0
99.12,145.17,1.488,0.82,19.07,2756,2.12,-1.66,1.6,330.0,0
99.72,149.42,1.486,3.0,13.01,3076,6.56,-5.17,-24.2,330.0,0
89.08,132.63,1.525,1.85,14.05,2624,3.23,-4.0,-13.5,302.9,0
97.95,151.9,1.55,-6.0,9.44,3610,-0.09,1.9,5.5,330.0,1
94.06,126.04,1.347,2.04,18.67,1919,-3.4,3.34,18.1,314.0,1
107.39,151.72,1.406,3.43,13.88,3473,-4.09,-1.7,-17.9,330.0,0
100.28,142.01,1.413,2.84,14.44,2919,-1.23,3.2,13.7,330.0,1
97.74,136.09,1.399,1.19,17.03,2623,-2.06,1.85,10.4,325.4,1
99.15,133.52,1.385,6.43,17.0,2856,-2.16,-0.47,-8.6,328.9,0
101.78,142.07,1.432,2.43,13.69,1928,-0.98,-0.65,-5.7,330.0,1
104.93,143.04,1.377,2.81,17.32,2301,-0.31,0.45,2.1,330.0,1
92.0,135.23,1.47,4.63,22.0,2972,1.46,2.19,0.5,326.0,0
91.67,131.68,1.453,2.59,14.86,1605,-3.71,0.99,-3.7,309.9,1
108.84,162.52,1.479,-1.19,12.93,2924,-2.05,-1.69,-0.7,330.0,0
96.7,142.46,1.48,-5.82,11.48,3188,-0.48,-0.44,1.0,330.0,1
88.67,129.36,1.486,0.07,16.96,3482,-0.59,4.95,15.7,307.5,0
103.55,147.13,1.428,3.78,12.53,1661,5.51,0.63,9.5,330.0,1
103.71,161.31,1.55,0.44,12.32,3298,0.7,2.17,11.9,330.0,1
87.75,129.29,1.464,3.9,9.75,2114,-4.84,1.35,3.5,289.9,1
101.84,140.98,1.338,1.95,10.13,2282,1.25,0.68,0.6,330.0,1
105.88,145.49,1.39,5.36,13.32,1728,1.64,0.27,12.1,330.0,0
103.0,138.4,1.346,0.61,13.05,2074,-0.38,2.24,15.3,324.3,1
105.06,153.51,1.451,2.9,19.32,2607,-3.64,1.8,6.0,330.0,1
88.77,128.0,1.443,3.02,15.66,1918,5.27,0.66,3.6,296.6,0
102.65,144.7,1.422,6.0,12.37,2573,-3.21,-1.73,-16.0,330.0,1
97.58,147.37,1.55,-3.62,9.55,2519,1.98,0.96,3.8,330.0,1
96.14,141.29,1.483,0.12,17.17,2047,0.6,-0.17,0.5,330.0,0
106.96,157.07,1.494,4.05,17.8,2120,1.8,-0.77,-11.1,330.0,1
111.83,151.6,1.394,6.14,15.23,2383,5.12,6.7,32.6,330.0,0
114.35,156.97,1.39,2.22,12.45,2342,1.68,-3.85,-3.7,330.0,0
110.52,157.88,1.452,0.62,16.59,2578,-1.68,2.4,9.8,330.0,1
99.12,146.22,1.46,3.77,11.34,2687,3.32,-2.16,-7.6,330.0,0
102.82,139.14,1.339,4.11,15.61,2841,-1.89,0.33,-5.9,330.0,1
106.13,150.49,1.439,0.42,19.97,2435,0.49,6.42,24.9,330.0,0
100.97,145.84,1.451,2.49,14.49,1981,-3.88,-2.41,-14.0,330.0,1
101.05,140.57,1.437,5.04,12.44,2332,-3.1,-1.81,-7.4,329.4,1
106.59,148.12,1.401,7.17,16.74,2382,0.15,-0.04,3.6,330.0,0
99.53,142.09,1.418,3.73,12.89,1719,1.1,-2.12,0.5,330.0,1
94.17,137.6,1.439,1.63,9.39,2101,-5.11,2.21,-5.2,312.8,0
96.68,138.94,1.455,1.34,15.57,2196,1.49,-1.34,-1.6,329.2,1
105.07,158.8,1.486,3.17,17.46,2316,-2.46,1.64,0.6,330.0,0
100.02,147.73,1.515,1.15,12.47,2188,3.84,-3.32,-7.6,330.0,0
102.72,144.01,1.432,2.07,12.59,2794,-1.06,-4.52,-11.9,330.0,1
105.36,151.66,1.423,-1.67,9.53,1978,-3.37,-0.57,-0.2,330.0,0
97.0,147.38,1.476,5.39,14.44,1566,0.23,-3.92,-5.1,330.0,0
106.05,158.89,1.487,-1.92,10.64,2565,-2.75,3.8,12.5,330.0,1
103.03,146.61,1.424,0.2,10.04,2509,3.81,-3.82,-9.5,330.0,0
90.12,129.46,1.497,1.79,19.3,1838,0.0,-2.59,-10.6,330.0,0
111.54,163.23,1.509,7.47,17.02,1879,-0.46,1.03,-7.3,330.0,1
95.99,146.95,1.528,0.23,14.8,2406,1.78,-1.47,5.0,330.0,1
86.76,133.58,1.55,-0.5,15.48,2453,-3.01,-3.8,-18.8,330.0,1
91.64,125.35,1.398,-0.15,15.26,2677,-3.87,5.1,16.2,300.3,0
91.83,133.4,1.451,6.48,14.03,1914,1.23,-2.5,-3.2,319.7,1
100.42,145.96,1.451,-6.0,11.72,3625,-3.3,-0.49,-13.1,328.7,1
97.81,143.61,1.444,-1.51,11.67,2910,-3.3,-0.52,-11.3,330.0,1
97.31,137.64,1.411,8.0,17.12,1757,2.51,1.78,18.5,324.6,1
104.96,145.9,1.361,3.27,15.17,2446,1.58,1.16,7.7,330.0,0
102.72,149.53,1.456,-1.82,11.22,2765,-3.76,-2.07,-15.2,330.0,0
102.53,143.65,1.404,1.37,9.49,3064,-1.86,-0.81,-5.8,329.6,1
103.28,152.95,1.455,1.7,14.03,2228,-2.71,-0.57,1.3,330.0,1
104.93,144.7,1.402,4.04,13.8,2703,5.33,1.87,18.6,330.0,0
83.14,122.1,1.384,7.02,9.79,2198,2.72,-2.92,-15.8,282.5,0
97.08,143.08,1.464,2.67,15.46,3111,-1.26,5.05,25.9,327.0,0
82.56,121.41,1.459,-0.12,15.85,3188,1.73,-1.9,1.2,300.1,1
100.29,150.22,1.485,3.86,21.94,2457,-4.07,-0.02,-5.9,330.0,1
99.96,159.64,1.55,-0.59,11.62,2518,-2.02,-2.9,-19.7,330.0,1
108.36,160.91,1.467,-1.6,10.82,2924,0.31,-3.25,-4.7,330.0,1
109.5,157.95,1.479,-3.78,8.35,2746,1.36,-2.19,-3.2,330.0,0
101.62,144.29,1.385,-3.2,12.51,3548,-0.29,-2.43,-17.6,316.2,0
96.0,130.93,1.373,-1.19,13.19,2707,0.74,-1.04,-4.1,315.1,1
103.88,160.76,1.545,-2.03,9.85,2539,0.24,-2.45,10.5,330.0,1
95.78,130.37,1.395,2.44,13.33,2247,-0.49,1.74,5.6,307.8,1
99.99,140.04,1.387,-2.1,6.33,2180,-0.89,-1.96,-12.4,320.0,1
107.89,154.56,1.448,-6.0,13.68,3210,-1.28,-2.23,-15.4,330.0,1
95.54,138.26,1.445,-1.63,10.12,2329,0.7,-0.98,8.0,324.3,1
106.45,147.87,1.396,0.08,12.93,3089,1.23,2.48,15.3,330.0,1
105.42,155.74,1.432,-0.32,8.61,2037,0.6,0.54,11.0,330.0,0
92.36,145.69,1.524,6.06,13.37,2294,-3.54,-0.25,-3.6,330.0,0
107.79,151.2,1.402,-0.34,12.04,3138,-3.0,-3.58,-8.6,330.0,0
105.59,144.43,1.366,4.14,14.42,1400,1.2,-2.86,-13.7,330.0,0
100.82,150.95,1.507,1.44,14.94,3422,4.42,-3.2,-4.9,330.0,0
93.9,141.7,1.48,1.37,17.8,2326,0.46,3.27,13.7,330.0,1
93.13,130.74,1.413,-1.01,14.85,2724,-1.24,1.33,11.5,307.4,1
95.7,128.63,1.355,1.32,16.35,2778,0.67,-2.15,-4.8,300.0,1
104.34,149.08,1.405,-0.8,17.06,2974,-3.41,-1.41,-12.8,330.0,1
92.35,132.27,1.447,2.01,15.41,2603,3.93,-2.06,-2.1,319.1,1
103.5,157.22,1.52,0.79,13.17,3001,0.56,-2.21,-17.1,330.0,1
90.07,121.04,1.388,-1.33,15.56,2914,-2.01,1.15,-12.3,298.3,1
98.37,143.89,1.445,4.48,17.79,3124,-0.5,-0.72,1.9,330.0,1
100.88,155.21,1.491,2.78,15.92,2668,-1.58,5.2,14.1,330.0,1
119.56,158.08,1.307,0.16,8.69,3475,3.94,3.13,14.1,330.0,0
88.98,138.2,1.512,1.94,11.15,2889,-0.61,3.27,15.7,315.3,0
111.78,152.03,1.379,1.25,12.61,1713,0.47,1.68,14.8,330.0,1
101.2,149.34,1.47,-1.1,14.95,3841,1.72,-1.06,1.6,330.0,1
103.29,148.94,1.465,1.71,13.53,2239,-2.22,1.49,14.1,330.0,1
100.95,152.37,1.515,-0.36,16.28,3295,0.58,-0.87,0.7,330.0,1
103.56,155.51,1.483,-1.33,16.48,2692,0.82,4.08,17.1,330.0,1
98.77,129.38,1.307,-3.37,15.42,3280,-4.66,1.01,-0.6,293.9,0
111.63,153.08,1.403,0.42,16.77,2265,0.76,0.66,-4.5,330.0,1
96.35,137.22,1.458,3.2,11.01,2690,-0.14,0.32,6.7,321.6,0
109.06,153.41,1.438,-0.58,14.24,2521,0.39,4.35,1.0,330.0,0
94.85,141.47,1.479,8.0,13.98,2831,0.11,-3.58,-15.9,330.0,0
99.52,154.17,1.497,4.16,9.51,2548,0.78,4.6,17.2,330.0,0
91.42,139.31,1.487,5.41,14.03,2696,4.01,-0.47,-1.6,330.0,1
103.64,144.21,1.437,3.89,18.33,1400,-3.54,-3.52,-19.3,330.0,1
111.56,152.96,1.339,7.06,16.85,2138,-1.03,-1.88,3.2,330.0,0
99.38,143.73,1.423,-0.86,18.75,2836,2.0,-4.13,-5.4,330.0,0
98.42,141.31,1.475,-6.0,11.43,3061,1.44,1.63,3.3,330.0,0
91.08,125.35,1.385,0.16,20.4,3023,1.38,-2.6,-10.2,303.1,1
98.17,148.8,1.488,3.17,14.64,2245,8.0,0.42,3.4,330.0,1
87.26,132.66,1.505,1.95,13.75,2505,1.84,2.84,16.4,330.0,1
92.7,131.84,1.458,2.33,9.98,2992,3.39,-1.68,-3.3,312.3,1
101.81,130.44,1.266,5.46,18.24,1400,-0.92,-0.67,-15.3,330.0,0
110.55,146.48,1.373,2.65,12.42,2706,-2.98,-3.26,-14.4,330.0,1
122.47,189.28,1.55,3.9,12.42,2216,-0.94,-0.97,-1.9,330.0,1
95.31,137.92,1.417,-1.32,16.38,2269,2.14,6.44,30.9,326.9,0
111.48,148.42,1.331,-1.79,15.85,2859,1.22,1.94,7.8,330.0,1
101.95,154.14,1.524,6.34,18.62,2772,1.21,-0.66,-3.1,330.0,0
98.79,145.55,1.451,1.8,12.54,2959,-0.64,-1.53,5.8,327.7,1
103.46,159.31,1.516,-0.37,12.72,2561,-1.12,-0.11,-1.7,330.0,1
100.5,150.66,1.467,-0.36,12.69,3016,-0.54,0.33,4.8,330.0,1
100.88,151.24,1.478,-0.45,15.19,3017,2.17,-1.05,-4.3,330.0,1
96.73,145.07,1.472,-0.63,17.44,2598,2.52,1.33,11.8,330.0,1
88.82,134.33,1.492,-2.35,13.28,2429,-3.02,-2.38,-20.7,318.6,1
87.65,136.52,1.55,-3.0,17.87,2494,2.29,-2.4,-8.4,323.6,1
105.23,158.93,1.508,0.91,16.01,2922,-1.95,0.93,-6.4,330.0,1
97.79,131.92,1.355,-0.28,12.2,2598,1.41,-2.92,-12.2,326.6,1
95.23,137.61,1.477,4.82,17.17,1840,-0.58,1.82,13.2,330.0,0
100.07,149.56,1.518,2.38,18.95,1699,4.7,-0.04,1.8,330.0,0
106.36,161.19,1.522,2.3,19.8,2837,-1.25,-4.57,-13.2,330.0,0
101.44,145.1,1.424,-0.73,16.31,2398,0.54,0.27,10.7,330.0,1
94.75,147.61,1.52,1.14,13.47,2680,1.82,-4.21,-12.7,330.0,0
109.81,165.23,1.506,2.58,13.25,3003,-2.62,1.73,8.9,330.0,0
112.63,177.09,1.55,3.65,16.01,1792,-0.22,-0.62,0.7,330.0,0
103.96,148.76,1.405,1.22,18.45,2507,-0.8,4.63,15.9,330.0,1
107.79,152.43,1.42,4.74,15.96,2239,-1.54,2.68,12.0,330.0,1
109.94,158.87,1.432,1.52,14.9,2679,-1.32,-2.65,0.2,330.0,1
109.04,154.29,1.421,3.88,14.51,2925,3.34,-5.05,-17.5,330.0,1
104.91,149.83,1.397,0.03,12.03,2000,-1.8,-1.89,-14.5,330.0,0
104.79,136.16,1.284,-3.94,11.14,3093,1.7,-3.05,-14.8,330.0,0
104.16,145.34,1.424,2.31,14.21,2926,0.94,4.56,23.1,330.0,1
91.22,134.7,1.472,3.68,19.44,2296,-4.19,-0.03,1.7,329.6,0
105.61,154.12,1.42,3.23,13.41,2345,1.56,2.33,6.8,330.0,1
89.15,137.73,1.55,2.77,14.13,2622,-4.24,-0.71,-20.4,322.4,0
93.64,136.98,1.451,0.45,10.56,2728,1.88,-0.45,-3.4,304.9,0
110.43,170.04,1.527,-0.92,14.83,2917,-1.52,-0.08,1.2,330.0,0
106.72,153.83,1.466,3.16,18.2,2663,0.03,2.77,9.3,330.0,0
111.9,169.08,1.5,2.78,18.85,1991,-3.88,0.78,-0.9,330.0,1
97.83,140.0,1.467,-0.18,13.55,3057,0.37,-2.64,-12.0,327.9,1
90.78,137.53,1.532,4.83,16.41,2835,2.78,4.06,23.6,310.4,0
98.08,145.23,1.453,-1.15,12.14,2753,-2.42,-0.73,-3.4,330.0,1
100.82,150.08,1.48,-0.25,14.5,1943,-1.82,-1.14,-2.7,330.0,1
100.63,147.37,1.472,6.41,16.19,2164,1.36,-7.0,-21.9,330.0,1
109.07,157.38,1.433,4.11,14.61,2441,1.44,1.59,10.4,330.0,1
97.11,143.02,1.474,0.43,13.56,2059,-7.3,0.25,-5.1,330.0,1
102.82,159.4,1.55,2.36,15.18,2296,6.05,0.25,2.6,330.0,1
92.09,133.68,1.434,1.96,12.81,1848,1.59,-1.01,0.6,319.6,1
103.6,151.01,1.475,-6.0,10.17,3233,2.09,-1.44,2.2,330.0,0
100.02,152.69,1.525,-1.22,17.7,2748,-0.43,-0.92,3.2,330.0,1
94.0,141.95,1.518,1.35,21.6,1779,-5.57,1.16,-0.1,330.0,1
98.11,138.37,1.451,0.43,9.54,2732,2.02,1.6,2.2,323.0,1
98.53,126.47,1.307,2.24,10.01,2440,-1.7,-0.58,-8.9,293.5,0
97.84,148.82,1.481,4.89,11.84,2539,1.63,2.37,7.7,330.0,1
114.17,151.31,1.317,0.54,12.88,2392,-0.66,-0.2,-0.3,330.0,1
99.21,149.3,1.538,-1.67,15.1,2340,0.71,-1.26,-4.3,330.0,0
98.05,139.32,1.46,2.47,15.64,2105,-2.32,0.5,-7.8,330.0,1
83.22,125.38,1.51,0.52,13.7,2327,2.59,-3.4,-15.6,290.2,0
92.85,133.5,1.396,1.03,14.95,2547,-3.57,0.58,-14.8,323.2,1
97.9,132.36,1.357,0.62,11.14,2629,6.74,-3.86,-24.1,302.0,0
94.51,141.79,1.466,8.0,15.07,2034,6.71,-2.57,-1.7,330.0,1
111.05,161.68,1.448,-5.22,11.11,2723,4.9,-5.05,2.1,330.0,0
98.68,141.35,1.421,0.33,8.36,2422,3.83,-0.44,13.8,318.1,1
110.31,157.17,1.455,1.49,10.04,3639,-0.25,4.02,7.9,330.0,0
100.49,158.11,1.55,-0.84,9.34,2304,3.5,-0.29,4.1,330.0,1
100.3,149.62,1.5,4.2,16.76,2097,-0.29,1.61,-3.5,330.0,1
99.29,152.38,1.513,3.94,15.11,3846,-4.66,5.88,7.1,330.0,1
100.03,148.07,1.501,1.36,15.31,2708,4.51,1.01,1.8,330.0,0
113.75,175.48,1.539,0.69,7.72,1938,3.39,-1.91,-4.0,330.0,1
81.44,118.04,1.439,1.16,8.96,2909,-0.09,-1.57,-6.7,276.1,0
83.99,111.04,1.327,1.19,15.4,2119,-3.68,0.0,-2.9,285.2,1
95.65,138.63,1.439,1.26,5.11,2933,-1.76,-1.58,-3.7,312.6,0
100.12,149.38,1.499,0.94,17.0,2449,-5.46,-1.4,-13.5,330.0,1
105.52,145.24,1.392,2.26,8.32,2267,2.84,2.46,12.2,330.0,1
103.78,153.4,1.439,3.76,16.85,3099,-4.81,2.57,-3.4,330.0,0
96.93,139.14,1.408,-2.19,9.57,2986,0.86,-4.12,-21.4,319.3,1
108.15,164.67,1.54,-1.65,15.57,3137,-2.53,-2.05,-19.2,330.0,1
108.24,163.24,1.495,-3.75,21.31,3020,-4.28,-1.16,-5.3,330.0,1
101.47,149.25,1.489,4.1,7.62,2154,0.72,1.5,4.1,330.0,0
107.7,157.22,1.487,2.25,15.87,2740,-1.0,2.86,-2.4,330.0,0
102.18,150.52,1.448,3.02,8.63,2963,2.51,6.75,26.3,330.0,0
95.51,135.36,1.462,-2.79,13.3,2828,-3.8,-1.16,-16.1,316.4,1
105.58,147.9,1.379,6.85,14.78,2999,-2.27,-1.04,3.6,330.0,1
100.88,132.42,1.319,-0.33,13.28,3002,-7.16,1.47,-6.9,299.6,1
100.01,145.39,1.459,2.0,10.97,2575,-6.55,-1.71,-9.7,330.0,1
111.78,165.28,1.469,4.06,16.76,2469,5.39,-0.35,11.8,330.0,0
80.39,123.86,1.523,-1.46,8.14,2749,6.25,-1.04,-1.9,308.2,1
88.66,134.85,1.544,-0.14,16.68,2045,0.28,-6.55,-22.1,326.2,0
90.5,141.55,1.544,2.04,12.49,2437,-2.47,0.31,1.4,329.6,1
97.09,135.26,1.39,8.0,11.59,2220,-0.9,-0.46,-2.0,308.4,1
97.96,136.84,1.429,2.4,18.63,2269,2.62,3.18,16.4,330.0,1
87.94,129.62,1.479,6.32,15.01,2373,-1.54,0.01,-9.8,307.5,0
92.12,146.24,1.55,5.12,20.51,2303,0.71,-3.14,-6.8,330.0,1
93.11,147.47,1.539,2.6,17.58,2792,-0.04,-0.65,-5.2,330.0,0
119.66,183.34,1.517,-1.47,10.09,2986,-1.71,-5.23,-18.2,330.0,1
114.41,160.26,1.427,4.68,14.38,2394,-1.58,-3.03,-7.0,330.0,1
96.71,136.33,1.397,-2.99,12.32,2164,0.88,1.59,10.6,322.4,0
97.09,147.51,1.497,6.3,19.78,3028,-2.93,-0.62,-3.6,330.0,1
90.81,127.49,1.384,2.1,15.05,2410,1.36,2.31,13.6,306.7,1
84.73,123.62,1.436,-6.0,11.43,2924,-1.41,-4.92,-14.8,290.4,0
99.06,143.87,1.443,0.48,12.57,2417,0.38,-0.61,7.3,330.0,1
92.02,142.04,1.546,3.46,14.06,2173,4.15,-1.19,0.6,330.0,1
99.32,140.38,1.429,0.79,17.19,3247,-0.5,2.39,8.7,330.0,0
87.2,108.93,1.304,3.65,14.29,3005,2.76,1.68,14.8,251.6,0
93.9,139.85,1.48,-1.05,11.45,2863,-5.38,1.61,-3.8,325.5,1
101.19,142.95,1.408,-2.42,10.46,2697,-1.41,3.85,3.8,330.0,1
102.93,150.91,1.453,1.29,11.79,2801,0.08,-0.92,-0.2,330.0,1
103.34,145.96,1.445,1.59,9.35,2538,5.77,3.34,17.4,322.9,1
89.44,129.83,1.434,0.45,10.91,2487,-5.88,-2.61,-23.4,309.4,1
106.84,165.12,1.497,5.18,19.31,2441,-0.29,-2.7,-6.8,330.0,1
93.6,127.31,1.358,-1.05,12.01,2465,4.37,1.88,20.4,288.4,0
105.06,148.93,1.419,2.44,15.97,2567,-2.36,-3.76,-25.8,330.0,1
99.91,149.75,1.491,1.7,6.16,2590,-0.64,1.43,10.4,330.0,0
88.99,130.84,1.413,-3.17,13.6,3062,1.0,0.25,-13.1,305.2,1
97.47,129.36,1.353,-2.46,11.66,2469,0.55,2.68,7.6,306.6,1
102.92,153.87,1.49,1.54,12.09,2827,4.7,-0.15,16.2,330.0,1
104.9,157.18,1.517,7.44,16.15,1746,1.35,0.14,0.1,330.0,0
98.87,141.73,1.447,3.24,12.65,2148,3.98,1.27,9.8,330.0,1
112.25,149.44,1.332,-3.68,5.34,2583,-1.08,-1.66,-2.5,330.0,1
108.06,164.63,1.492,-6.0,13.67,2478,-2.22,-1.77,-19.1,330.0,1
97.95,136.77,1.35,3.7,15.02,2835,-0.68,1.19,3.8,330.0,1
106.0,156.79,1.469,1.21,12.48,2091,-3.48,-0.07,-4.0,330.0,1
115.47,160.34,1.397,4.92,11.82,1990,1.45,-1.02,9.4,330.0,0
115.68,165.92,1.38,-1.14,8.19,3233,-1.16,-0.21,-9.5,330.0,0
90.18,127.3,1.423,2.55,14.56,2190,-2.02,3.99,9.2,304.1,0
92.59,131.81,1.439,4.04,19.25,2273,1.5,-1.11,-7.7,329.5,1
111.88,153.46,1.411,0.16,13.66,2135,-3.43,-1.18,-14.5,330.0,1
91.53,139.45,1.485,0.22,8.93,2962,2.31,-4.27,-5.4,309.9,1
